id,origin,destination,start_time,kind
0,0,0,70,Human
1,1,1,569,Human
2,2,2,1548,Human
3,3,3,850,Human
4,4,4,1175,Human
5,5,5,154,Human
6,6,6,637,Human
7,7,7,1679,Human
8,8,8,271,Human
9,9,9,131,Human
10,10,10,360,Human
11,11,11,1541,Human
12,12,12,1197,Human
13,13,13,1317,Human
14,14,5,1526,Human
15,15,5,852,Human
16,16,14,595,Human
17,17,15,1745,Human
18,18,16,257,Human
19,19,17,476,Human
20,20,18,810,Human
21,21,15,1026,Human
22,22,19,1539,Human
23,23,5,1235,Human
24,24,20,1283,Human
25,14,18,1571,Human
26,25,21,958,Human
27,26,2,853,Human
28,27,22,1518,Human
29,28,23,1411,Human
30,29,24,15,Human
31,30,12,1230,Human
32,31,22,587,Human
33,32,25,1187,Human
34,33,5,1615,Human
35,34,26,357,Human
36,18,12,1627,Human
37,35,27,1708,Human
38,27,3,1644,Human
39,36,28,1309,Human
40,37,27,1318,Human
41,18,2,466,Human
42,38,29,1605,Human
43,24,12,807,Human
44,35,15,800,Human
45,39,29,1219,Human
46,40,18,234,Human
47,41,30,1734,Human
48,17,12,981,Human
49,42,31,1027,Human
50,13,32,731,Human
51,43,9,1262,Human
52,44,33,1236,Human
53,18,9,13,Human
54,45,5,385,Human
55,46,29,188,Human
56,47,12,208,Human
57,48,34,1156,Human
58,0,35,445,Human
59,49,5,574,Human
60,13,36,1415,Human
61,36,34,1461,Human
62,36,37,1184,Human
63,50,38,1553,Human
64,51,11,1356,Human
65,52,23,1693,Human
66,53,12,1737,Human
67,54,39,1388,Human
68,55,40,589,Human
69,56,34,124,Human
70,57,41,598,Human
71,58,42,1258,Human
72,59,5,231,Human
73,49,5,1391,Human
74,13,43,1735,Human
75,60,9,1662,Human
76,61,44,400,Human
77,62,5,175,Human
78,63,44,1553,Human
79,64,29,1655,Human
80,65,44,626,Human
81,66,45,486,Human
82,67,12,1091,Human
83,54,23,191,Human
84,66,3,836,Human
85,68,46,1436,Human
86,69,47,414,Human
87,70,29,1390,Human
88,71,12,593,Human
89,72,9,117,Human
90,20,48,1026,Human
91,73,49,1440,Human
92,74,50,1424,Human
93,41,51,1790,Human
94,27,18,1027,Human
95,75,52,494,Human
96,76,12,922,Human
97,77,34,1433,Human
98,78,44,465,Human
99,7,34,395,Human
100,79,1,583,Human
101,80,53,76,Human
102,75,54,316,Human
103,81,55,278,Human
104,82,56,356,Human
105,83,39,187,Human
106,84,10,1087,Human
107,85,29,137,Human
108,35,20,1129,Human
109,86,9,282,Human
110,87,34,487,Human
111,88,57,1503,Human
112,27,9,1787,Human
113,45,12,1565,Human
114,89,58,791,Human
115,62,59,1691,Human
116,29,60,122,Human
117,90,61,143,Human
118,91,15,16,Human
119,1,62,798,Human
120,48,12,688,Human
121,76,12,1551,Human
122,78,63,1721,Human
123,17,4,830,Human
124,92,64,1240,Human
125,13,65,787,Human
126,93,66,1485,Human
127,15,5,1748,Human
128,25,29,1444,Human
129,94,9,145,Human
130,95,12,753,Human
131,96,67,667,Human
132,97,5,1294,Human
133,13,25,640,Human
134,96,68,586,Human
135,98,5,347,Human
136,36,69,1798,Human
137,99,18,394,Human
138,68,70,1619,Human
139,41,71,1711,Human
140,100,72,983,Human
141,45,73,776,Human
142,36,74,1338,Human
143,101,75,63,Human
144,49,76,1563,Human
145,41,15,1013,Human
146,102,3,331,Human
147,103,5,772,Human
148,25,77,758,Human
149,104,78,954,Human
150,105,7,154,Human
151,106,3,1054,Human
152,36,79,1276,Human
153,42,5,631,Human
154,28,3,1616,Human
155,107,29,1438,Human
156,108,63,162,Human
157,31,3,246,Human
158,109,11,1349,Human
159,110,80,769,Human
160,92,81,1101,Human
161,13,82,943,Human
162,111,48,1358,Human
163,112,78,510,Human
164,113,77,326,Human
165,114,83,986,Human
166,115,3,1583,Human
167,64,84,1329,Human
168,69,31,426,Human
169,116,15,399,Human
170,100,85,162,Human
171,117,44,763,Human
172,89,64,1556,Human
173,118,4,763,Human
174,119,86,1363,Human
175,120,28,17,Human
176,121,18,1747,Human
177,37,64,218,Human
178,91,7,1331,Human
179,122,87,1060,Human
180,123,88,1300,Human
181,116,44,503,Human
182,96,89,1558,Human
183,124,57,1522,Human
184,125,52,980,Human
185,35,15,1749,Human
186,80,12,262,Human
187,126,29,1012,Human
188,127,34,814,Human
189,128,40,1295,Human
190,20,18,1377,Human
191,55,44,1620,Human
192,84,3,1383,Human
193,21,39,1708,Human
194,129,7,219,Human
195,15,15,1401,Human
196,130,18,1054,Human
197,131,90,877,Human
198,130,47,1777,Human
199,84,3,1747,Human
200,132,2,1717,Human
201,133,77,1353,Human
202,100,44,1192,Human
203,134,15,1440,Human
204,69,70,400,Human
205,40,75,908,Human
206,82,18,412,Human
207,52,15,1230,Human
208,135,18,178,Human
209,136,44,428,Human
210,137,18,44,Human
211,138,15,1707,Human
212,139,91,935,Human
213,140,44,557,Human
214,140,44,1603,Human
215,141,18,462,Human
216,82,92,1309,Human
217,142,23,1780,Human
218,117,93,426,Human
219,143,18,1401,Human
220,117,15,292,Human
221,144,18,443,Human
222,0,0,168,Human
223,1,1,584,Human
224,2,2,1550,Human
225,3,3,754,Human
226,4,4,1091,Human
227,5,5,99,Human
228,6,6,590,Human
229,7,7,1735,Human
230,8,8,233,Human
231,9,9,171,Human
232,10,10,273,Human
233,11,11,1639,Human
234,12,12,1226,Human
235,13,13,1259,Human
236,14,5,1588,Human
237,15,5,828,Human
238,16,14,569,Human
239,17,15,1670,Human
240,18,16,199,Human
241,19,17,474,Human
242,20,18,905,Human
243,21,15,1065,Human
244,22,19,1488,Human
245,23,5,1261,Human
246,24,20,1322,Human
247,14,18,1656,Human
248,25,21,982,Human
249,26,2,880,Human
250,27,22,1546,Human
251,28,23,1361,Human
252,29,24,85,Human
253,30,12,1292,Human
254,31,22,493,Human
255,32,25,1204,Human
256,33,5,1609,Human
257,34,26,402,Human
258,18,12,1667,Human
259,35,27,1628,Human
260,27,3,1686,Human
261,36,28,1266,Human
262,37,27,1290,Human
263,18,2,441,Human
264,38,29,1546,Human
265,24,12,788,Human
266,35,15,825,Human
267,39,29,1296,Human
268,40,18,333,Human
269,41,30,1705,Human
270,17,12,948,Human
271,42,31,982,Human
272,13,32,710,Human
273,43,9,1286,Human
274,44,33,1304,Human
275,18,9,0,Human
276,45,5,391,Human
277,46,29,155,Human
278,47,12,266,Human
279,48,34,1162,Human
280,0,35,428,Human
281,49,5,640,Human
282,13,36,1486,Human
283,36,34,1467,Human
284,36,37,1134,Human
285,50,38,1455,Human
286,51,11,1330,Human
287,52,23,1785,Human
288,53,12,1714,Human
289,54,39,1358,Human
290,55,40,621,Human
291,56,34,152,Human
292,57,41,506,Human
293,58,42,1356,Human
294,59,5,232,Human
295,49,5,1291,Human
296,13,43,1832,Human
297,60,9,1564,Human
298,61,44,483,Human
299,62,5,274,Human
300,63,44,1564,Human
301,64,29,1575,Human
302,65,44,654,Human
303,66,45,500,Human
304,67,12,1081,Human
305,54,23,240,Human
306,66,3,872,Human
307,68,46,1409,Human
308,69,47,503,Human
309,70,29,1488,Human
310,71,12,588,Human
311,72,9,204,Human
312,20,48,1083,Human
313,73,49,1457,Human
314,74,50,1376,Human
315,41,51,1760,Human
316,27,18,1063,Human
317,75,52,507,Human
318,76,12,865,Human
319,77,34,1430,Human
320,78,44,407,Human
321,7,34,417,Human
322,79,1,507,Human
323,80,53,138,Human
324,75,54,332,Human
325,81,55,281,Human
326,82,56,383,Human
327,83,39,241,Human
328,84,10,1156,Human
329,85,29,49,Human
330,35,20,1049,Human
331,86,9,330,Human
332,87,34,473,Human
333,88,57,1509,Human
334,27,9,1702,Human
335,45,12,1582,Human
336,89,58,845,Human
337,62,59,1628,Human
338,29,60,168,Human
339,90,61,192,Human
340,91,15,8,Human
341,1,62,754,Human
342,48,12,653,Human
343,76,12,1590,Human
344,78,63,1724,Human
345,17,4,813,Human
346,92,64,1261,Human
347,13,65,854,Human
348,93,66,1503,Human
349,15,5,1690,Human
350,25,29,1488,Human
351,94,9,148,Human
352,95,12,656,Human
353,96,67,701,Human
354,97,5,1356,Human
355,13,25,566,Human
356,96,68,634,Human
357,98,5,259,Human
358,36,69,1814,Human
359,99,18,330,Human
360,68,70,1595,Human
361,41,71,1660,Human
362,100,72,923,Human
363,45,73,769,Human
364,36,74,1388,Human
365,101,75,52,Human
366,49,76,1573,Human
367,41,15,1076,Human
368,102,3,352,Human
369,103,5,724,Human
370,25,77,828,Human
371,104,78,1004,Human
372,105,7,57,Human
373,106,3,1058,Human
374,36,79,1253,Human
375,42,5,618,Human
376,28,3,1661,Human
377,107,29,1483,Human
378,108,63,119,Human
379,31,3,259,Human
380,109,11,1316,Human
381,110,80,683,Human
382,92,81,1022,Human
383,13,82,983,Human
384,111,48,1344,Human
385,112,78,464,Human
386,113,77,304,Human
387,114,83,1002,Human
388,115,3,1618,Human
389,64,84,1314,Human
390,69,31,404,Human
391,116,15,384,Human
392,100,85,188,Human
393,117,44,823,Human
394,89,64,1652,Human
395,118,4,860,Human
396,119,86,1441,Human
397,120,28,80,Human
398,121,18,1652,Human
399,37,64,195,Human
400,91,7,1267,Human
401,122,87,1110,Human
402,123,88,1286,Human
403,116,44,438,Human
404,96,89,1488,Human
405,124,57,1545,Human
406,125,52,1016,Human
407,35,15,1703,Human
408,80,12,349,Human
409,126,29,950,Human
410,127,34,734,Human
411,128,40,1350,Human
412,20,18,1328,Human
413,55,44,1654,Human
414,84,3,1330,Human
415,21,39,1712,Human
416,129,7,148,Human
417,15,15,1306,Human
418,130,18,1034,Human
419,131,90,883,Human
420,130,47,1697,Human
421,84,3,1820,Human
422,132,2,1637,Human
423,133,77,1449,Human
424,100,44,1129,Human
425,134,15,1361,Human
426,69,70,386,Human
427,40,75,999,Human
428,82,18,504,Human
429,52,15,1286,Human
430,135,18,93,Human
431,136,44,364,Human
432,137,18,110,Human
433,138,15,1774,Human
434,139,91,921,Human
435,140,44,649,Human
436,140,44,1638,Human
437,141,18,470,Human
438,82,92,1263,Human
439,142,23,1694,Human
440,117,93,429,Human
441,143,18,1327,Human
442,117,15,192,Human
443,144,18,528,Human
