# Time;running vehicles [#];avg. speed [m/s];avg. trip speed [m/s]
7.00;15.00;9.17;0.00
8.00;15.00;9.68;0.00
9.00;16.00;9.47;0.00
10.00;19.00;8.34;0.00
11.00;19.00;8.90;0.00
12.00;20.00;8.69;0.00
13.00;21.00;8.22;0.00
14.00;21.00;8.78;0.00
15.00;22.00;8.73;0.00
16.00;22.00;8.83;0.00
17.00;23.00;8.05;0.00
18.00;24.00;8.13;0.00
19.00;25.00;8.49;0.00
20.00;25.00;9.06;0.00
21.00;25.00;9.74;0.00
22.00;25.00;10.37;0.00
23.00;26.00;10.31;0.00
24.00;26.00;11.09;0.00
25.00;26.00;11.11;0.00
26.00;27.00;10.54;0.00
27.00;26.00;10.17;6.14
28.00;27.00;9.47;6.14
29.00;27.00;9.82;6.14
30.00;28.00;9.56;6.14
31.00;28.00;9.94;6.14
32.00;29.00;9.57;6.14
33.00;30.00;9.48;6.14
34.00;30.00;10.14;6.14
35.00;30.00;10.67;6.14
36.00;32.00;10.25;6.14
37.00;31.00;10.94;6.90
38.00;31.00;11.51;6.90
39.00;32.00;11.32;6.90
40.00;32.00;11.91;6.90
41.00;32.00;12.50;6.90
42.00;33.00;12.29;6.90
43.00;33.00;12.45;6.90
44.00;33.00;12.21;6.90
45.00;34.00;12.03;6.90
46.00;34.00;11.30;9.49
47.00;35.00;10.87;9.49
48.00;36.00;10.36;9.49
49.00;35.00;9.90;9.87
50.00;35.00;10.16;9.87
51.00;35.00;10.25;9.87
52.00;35.00;10.36;9.87
53.00;35.00;10.76;9.87
54.00;35.00;10.99;9.87
55.00;35.00;11.28;9.87
56.00;35.00;11.28;9.87
57.00;37.00;10.45;9.87
58.00;37.00;10.43;9.87
59.00;37.00;10.39;9.87
60.00;37.00;10.47;9.87
61.00;37.00;10.12;9.87
62.00;38.00;9.53;9.87
63.00;39.00;8.92;10.29
64.00;39.00;9.29;10.29
65.00;40.00;9.82;10.29
66.00;40.00;10.47;10.29
67.00;39.00;10.79;10.61
68.00;39.00;10.96;10.61
69.00;39.00;10.82;10.29
70.00;41.00;10.49;10.29
71.00;41.00;10.98;10.29
72.00;41.00;10.97;10.29
73.00;41.00;11.48;10.29
74.00;41.00;11.83;10.29
75.00;40.00;11.94;10.95
76.00;39.00;11.45;10.84
77.00;39.00;11.45;10.84
78.00;39.00;11.24;10.84
79.00;39.00;11.17;10.84
80.00;39.00;10.84;10.84
81.00;39.00;10.56;10.84
82.00;39.00;10.46;10.84
83.00;39.00;10.60;10.84
84.00;40.00;10.23;10.84
85.00;41.00;10.17;10.84
86.00;40.00;10.33;10.52
87.00;41.00;10.70;10.52
88.00;41.00;11.02;10.52
89.00;41.00;11.49;10.52
90.00;43.00;11.25;10.52
91.00;43.00;11.42;10.52
92.00;43.00;11.37;10.52
93.00;42.00;11.34;10.25
94.00;42.00;11.01;10.10
95.00;43.00;11.12;10.10
96.00;45.00;11.02;10.10
97.00;45.00;11.06;10.10
98.00;45.00;11.04;10.10
99.00;45.00;10.93;10.10
100.00;45.00;10.84;10.10
101.00;45.00;11.12;10.10
102.00;45.00;11.15;10.10
103.00;45.00;11.04;10.10
104.00;45.00;10.83;10.10
105.00;45.00;10.51;10.10
106.00;45.00;10.03;9.88
107.00;45.00;10.29;9.88
108.00;44.00;10.31;9.94
109.00;44.00;10.26;9.94
110.00;44.00;9.89;9.94
111.00;44.00;9.88;9.94
112.00;45.00;9.95;9.94
113.00;45.00;10.18;9.94
114.00;45.00;10.73;9.94
115.00;45.00;11.07;9.94
116.00;45.00;11.22;9.94
117.00;46.00;11.04;9.94
118.00;46.00;10.82;9.94
119.00;46.00;10.77;9.94
120.00;46.00;10.70;9.94
121.00;46.00;10.39;10.10
122.00;46.00;10.71;10.10
123.00;46.00;10.95;10.10
124.00;45.00;10.67;10.10
125.00;44.00;10.87;10.18
126.00;47.00;10.52;10.18
127.00;47.00;11.02;10.18
128.00;47.00;11.19;10.18
129.00;47.00;11.33;10.18
130.00;47.00;11.09;10.18
131.00;48.00;10.76;10.18
132.00;48.00;10.69;10.18
133.00;48.00;10.82;10.18
134.00;49.00;10.75;10.18
135.00;48.00;10.84;10.30
136.00;48.00;10.91;10.30
137.00;48.00;10.88;10.30
138.00;48.00;10.88;10.30
139.00;48.00;10.63;10.30
140.00;50.00;10.47;10.30
141.00;49.00;10.51;10.34
142.00;50.00;10.05;10.34
143.00;50.00;10.12;10.34
144.00;51.00;9.80;10.34
145.00;51.00;9.34;10.42
146.00;51.00;9.61;10.42
147.00;52.00;9.61;10.42
148.00;53.00;9.63;10.42
149.00;52.00;9.45;10.51
150.00;52.00;9.67;10.51
151.00;53.00;9.57;10.51
152.00;54.00;9.46;10.51
153.00;53.00;9.77;10.41
154.00;53.00;10.27;10.41
155.00;53.00;10.72;10.41
156.00;53.00;11.00;10.41
157.00;53.00;11.00;10.41
158.00;54.00;10.64;10.41
159.00;54.00;10.54;10.41
160.00;54.00;10.70;10.41
161.00;55.00;10.46;10.41
162.00;55.00;10.48;10.41
163.00;56.00;10.41;10.41
164.00;57.00;10.27;10.41
165.00;57.00;10.68;10.41
166.00;57.00;10.94;10.41
167.00;59.00;10.59;10.41
168.00;59.00;10.65;10.41
169.00;59.00;10.70;10.41
170.00;59.00;10.77;10.41
171.00;59.00;10.89;10.41
172.00;59.00;11.14;10.41
173.00;58.00;11.36;10.38
174.00;59.00;11.01;10.38
175.00;60.00;10.83;10.38
176.00;59.00;11.11;10.19
177.00;59.00;11.27;10.19
178.00;58.00;11.51;10.07
179.00;59.00;11.09;10.07
180.00;59.00;10.95;10.07
181.00;59.00;10.60;10.07
182.00;58.00;10.53;10.36
183.00;59.00;10.55;10.36
184.00;59.00;10.90;10.36
185.00;60.00;10.52;10.36
186.00;59.00;10.71;10.35
187.00;59.00;10.78;10.35
188.00;57.00;11.07;10.55
189.00;57.00;10.97;10.55
190.00;59.00;10.74;10.55
191.00;59.00;10.68;10.55
192.00;59.00;10.66;10.55
193.00;58.00;10.51;10.56
194.00;57.00;10.73;10.61
195.00;56.00;10.96;10.79
196.00;55.00;10.85;10.76
197.00;55.00;10.60;10.93
198.00;55.00;10.56;10.93
199.00;55.00;10.66;10.93
200.00;55.00;10.67;10.93
201.00;56.00;10.75;10.93
202.00;56.00;10.98;10.93
203.00;54.00;10.89;10.97
204.00;54.00;11.17;10.97
205.00;54.00;11.27;10.97
206.00;55.00;11.11;10.97
207.00;55.00;11.01;10.97
208.00;56.00;10.85;10.97
209.00;56.00;11.24;10.97
210.00;56.00;11.37;10.97
211.00;56.00;11.35;10.97
212.00;56.00;11.18;10.97
213.00;56.00;10.51;10.92
214.00;56.00;10.33;10.92
215.00;56.00;10.27;10.92
216.00;57.00;10.25;10.92
217.00;57.00;10.19;10.92
218.00;58.00;9.75;10.94
219.00;58.00;9.67;10.94
220.00;58.00;9.97;10.94
221.00;58.00;10.21;10.94
222.00;59.00;10.31;10.85
223.00;57.00;10.44;10.85
224.00;57.00;10.16;10.83
225.00;55.00;10.48;10.93
226.00;56.00;10.37;10.93
227.00;55.00;10.49;11.01
228.00;54.00;10.80;11.10
229.00;54.00;11.04;11.10
230.00;54.00;11.25;11.10
231.00;55.00;11.32;11.10
232.00;55.00;11.37;11.00
233.00;55.00;11.54;11.00
234.00;55.00;11.55;11.00
235.00;55.00;11.83;11.00
236.00;56.00;11.75;11.00
237.00;57.00;11.53;11.00
238.00;54.00;11.71;10.98
239.00;54.00;11.65;10.98
240.00;53.00;11.38;10.99
241.00;52.00;11.11;10.99
242.00;53.00;10.81;10.99
243.00;52.00;10.53;11.00
244.00;52.00;10.58;11.00
245.00;52.00;10.71;11.00
246.00;52.00;10.70;10.94
247.00;52.00;10.94;10.94
248.00;52.00;11.00;10.94
249.00;53.00;11.00;10.94
250.00;53.00;11.32;10.94
251.00;53.00;11.49;10.94
252.00;53.00;11.25;10.96
253.00;53.00;11.27;10.96
254.00;52.00;11.20;11.02
255.00;51.00;11.02;11.03
256.00;51.00;10.83;11.03
257.00;51.00;10.97;11.03
258.00;50.00;11.03;10.99
259.00;50.00;11.19;10.99
260.00;51.00;11.08;10.99
261.00;51.00;11.06;10.99
262.00;50.00;10.85;11.00
263.00;49.00;10.84;10.98
264.00;50.00;10.81;10.98
265.00;50.00;10.96;10.98
266.00;50.00;10.81;10.98
267.00;51.00;10.49;10.98
268.00;51.00;10.58;10.98
269.00;52.00;10.63;10.98
270.00;53.00;10.89;10.98
271.00;54.00;11.45;10.98
272.00;53.00;11.83;10.97
273.00;53.00;12.00;10.97
274.00;53.00;12.12;10.97
275.00;53.00;11.92;10.97
276.00;54.00;11.44;10.97
277.00;53.00;11.51;10.95
278.00;54.00;11.40;10.95
279.00;53.00;11.27;10.83
280.00;53.00;11.11;10.83
281.00;53.00;11.21;10.83
282.00;53.00;11.28;10.83
283.00;54.00;11.07;10.83
284.00;54.00;11.11;10.83
285.00;54.00;11.15;10.83
286.00;54.00;10.96;10.83
287.00;52.00;11.06;10.88
288.00;53.00;10.88;10.88
289.00;54.00;10.99;10.88
290.00;52.00;11.11;10.89
291.00;51.00;11.15;10.87
292.00;49.00;11.11;10.88
293.00;49.00;11.54;10.88
294.00;50.00;11.37;10.87
295.00;51.00;11.47;10.87
296.00;52.00;11.41;10.87
297.00;52.00;11.32;10.87
298.00;52.00;11.39;10.87
299.00;51.00;11.48;10.87
300.00;51.00;11.01;10.86
301.00;51.00;11.49;10.86
302.00;51.00;11.42;10.87
303.00;51.00;11.49;10.87
304.00;50.00;11.75;10.86
305.00;51.00;11.67;10.86
306.00;51.00;11.68;10.79
307.00;54.00;11.16;10.79
308.00;54.00;11.30;10.79
309.00;54.00;11.26;10.79
310.00;55.00;11.14;10.79
311.00;55.00;11.23;10.79
312.00;55.00;11.25;10.79
313.00;56.00;10.98;10.79
314.00;56.00;10.98;10.79
315.00;56.00;10.66;10.79
316.00;57.00;10.42;10.79
317.00;57.00;10.42;10.79
318.00;57.00;10.41;10.79
319.00;57.00;10.51;10.79
320.00;57.00;10.66;10.78
321.00;57.00;10.12;10.77
322.00;59.00;10.09;10.77
323.00;59.00;10.01;10.77
324.00;59.00;9.83;10.77
325.00;59.00;9.94;10.77
326.00;57.00;10.09;10.74
327.00;57.00;10.12;10.74
328.00;57.00;10.39;10.74
329.00;56.00;10.39;10.73
330.00;56.00;10.56;10.73
331.00;58.00;10.39;10.73
332.00;59.00;10.24;10.73
333.00;59.00;10.41;10.76
334.00;57.00;10.81;10.71
335.00;57.00;11.13;10.71
336.00;57.00;10.97;10.71
337.00;59.00;10.67;10.71
338.00;59.00;10.79;10.71
339.00;59.00;11.09;10.71
340.00;58.00;11.42;10.72
341.00;58.00;11.41;10.72
342.00;57.00;11.33;10.71
343.00;57.00;11.13;10.71
344.00;57.00;10.83;10.71
345.00;57.00;10.89;10.71
346.00;57.00;11.00;10.71
347.00;58.00;10.87;10.71
348.00;59.00;10.86;10.71
349.00;59.00;10.96;10.71
350.00;60.00;10.71;10.71
351.00;60.00;10.55;10.71
352.00;59.00;10.56;10.68
353.00;59.00;10.77;10.68
354.00;60.00;11.05;10.68
355.00;60.00;11.09;10.72
356.00;60.00;11.45;10.72
357.00;60.00;11.57;10.72
358.00;61.00;11.22;10.72
359.00;61.00;11.09;10.74
360.00;61.00;11.08;10.74
361.00;60.00;11.15;10.73
362.00;60.00;11.08;10.73
363.00;59.00;11.16;10.72
364.00;59.00;11.00;10.72
365.00;59.00;10.58;10.72
366.00;59.00;10.58;10.72
367.00;60.00;10.51;10.72
368.00;60.00;10.68;10.72
369.00;59.00;11.06;10.73
370.00;60.00;10.87;10.73
371.00;60.00;10.52;10.72
372.00;60.00;10.60;10.72
373.00;62.00;10.09;10.72
374.00;61.00;10.23;10.72
375.00;61.00;10.53;10.74
376.00;60.00;10.81;10.75
377.00;60.00;10.98;10.75
378.00;61.00;10.99;10.75
379.00;62.00;11.07;10.75
380.00;62.00;11.44;10.75
381.00;63.00;11.25;10.75
382.00;62.00;11.17;10.75
383.00;63.00;10.96;10.75
384.00;63.00;10.98;10.75
385.00;63.00;11.04;10.75
386.00;64.00;11.08;10.75
387.00;65.00;11.32;10.75
388.00;65.00;11.52;10.75
389.00;64.00;11.52;10.72
390.00;62.00;11.68;10.75
391.00;62.00;11.60;10.75
392.00;62.00;11.79;10.75
393.00;60.00;11.67;10.68
394.00;62.00;11.23;10.68
395.00;62.00;11.10;10.68
396.00;61.00;10.74;10.67
397.00;61.00;10.57;10.67
398.00;60.00;10.35;10.69
399.00;61.00;10.11;10.69
400.00;61.00;9.86;10.67
401.00;61.00;10.08;10.67
402.00;60.00;10.21;10.68
403.00;59.00;10.36;10.66
404.00;59.00;10.32;10.66
405.00;59.00;10.47;10.66
406.00;58.00;10.65;10.65
407.00;59.00;10.59;10.65
408.00;59.00;10.94;10.65
409.00;59.00;11.34;10.65
410.00;60.00;11.26;10.65
411.00;61.00;11.28;10.65
412.00;61.00;11.34;10.65
413.00;61.00;11.37;10.65
414.00;61.00;11.32;10.64
415.00;61.00;10.92;10.64
416.00;62.00;10.46;10.64
417.00;63.00;9.62;10.64
418.00;63.00;9.71;10.64
419.00;63.00;9.90;10.64
420.00;64.00;10.21;10.64
421.00;64.00;10.53;10.64
422.00;64.00;10.72;10.64
423.00;66.00;10.57;10.64
424.00;67.00;10.40;10.64
425.00;67.00;10.47;10.65
426.00;66.00;10.54;10.64
427.00;66.00;10.98;10.64
428.00;65.00;11.32;10.68
429.00;65.00;11.50;10.68
430.00;65.00;11.51;10.68
431.00;65.00;11.24;10.69
432.00;66.00;11.06;10.69
433.00;66.00;11.06;10.69
434.00;65.00;10.85;10.68
435.00;65.00;10.79;10.68
436.00;66.00;10.77;10.68
437.00;67.00;10.83;10.68
438.00;66.00;10.98;10.67
439.00;67.00;10.95;10.67
440.00;66.00;11.19;10.67
441.00;68.00;10.73;10.67
442.00;70.00;10.61;10.67
443.00;72.00;10.49;10.67
444.00;72.00;10.88;10.68
445.00;71.00;11.34;10.69
446.00;72.00;11.58;10.69
447.00;72.00;11.81;10.69
448.00;72.00;11.50;10.69
449.00;74.00;10.99;10.69
450.00;74.00;10.88;10.69
451.00;73.00;10.89;10.69
452.00;71.00;10.85;10.72
453.00;72.00;10.79;10.72
454.00;72.00;11.26;10.72
455.00;72.00;11.59;10.72
456.00;72.00;11.72;10.72
457.00;71.00;11.55;10.73
458.00;70.00;11.27;10.71
459.00;70.00;11.36;10.71
460.00;71.00;11.38;10.71
461.00;71.00;11.60;10.71
462.00;71.00;11.81;10.71
463.00;71.00;11.74;10.72
464.00;71.00;11.62;10.72
465.00;71.00;11.82;10.71
466.00;71.00;11.74;10.71
467.00;70.00;11.77;10.73
468.00;71.00;11.85;10.73
469.00;71.00;12.22;10.73
470.00;71.00;12.41;10.73
471.00;71.00;12.35;10.73
472.00;71.00;12.18;10.73
473.00;70.00;11.89;10.73
474.00;70.00;11.81;10.73
475.00;70.00;11.66;10.73
476.00;71.00;11.45;10.73
477.00;73.00;11.02;10.73
478.00;74.00;11.01;10.73
479.00;74.00;11.18;10.71
480.00;74.00;11.47;10.71
481.00;74.00;11.59;10.71
482.00;74.00;11.56;10.69
483.00;74.00;11.55;10.69
484.00;75.00;11.41;10.69
485.00;75.00;11.43;10.69
486.00;77.00;11.12;10.71
487.00;77.00;10.98;10.70
488.00;77.00;11.08;10.70
489.00;77.00;11.07;10.70
490.00;77.00;10.97;10.70
491.00;77.00;11.08;10.70
492.00;78.00;10.97;10.70
493.00;78.00;10.92;10.70
494.00;79.00;10.88;10.70
495.00;78.00;10.74;10.70
496.00;78.00;10.83;10.70
497.00;81.00;10.29;10.70
498.00;81.00;10.10;10.70
499.00;84.00;9.66;10.70
500.00;85.00;9.47;10.70
501.00;85.00;9.63;10.70
502.00;85.00;9.88;10.70
503.00;86.00;10.13;10.70
504.00;87.00;10.41;10.70
505.00;87.00;10.74;10.70
506.00;87.00;10.97;10.70
507.00;87.00;10.81;10.69
508.00;86.00;10.80;10.67
509.00;87.00;10.55;10.67
510.00;86.00;10.19;10.68
511.00;86.00;9.99;10.68
512.00;88.00;9.67;10.68
513.00;87.00;9.73;10.69
514.00;89.00;9.89;10.69
515.00;89.00;10.19;10.69
516.00;88.00;10.50;10.69
517.00;90.00;10.47;10.69
518.00;90.00;10.57;10.69
519.00;92.00;10.49;10.69
520.00;94.00;10.54;10.69
521.00;94.00;10.59;10.69
522.00;94.00;10.71;10.69
523.00;93.00;10.80;10.69
524.00;93.00;10.93;10.69
525.00;93.00;10.98;10.68
526.00;94.00;10.96;10.68
527.00;93.00;10.86;10.68
528.00;94.00;10.89;10.68
529.00;94.00;10.83;10.68
530.00;95.00;10.60;10.68
531.00;94.00;10.46;10.69
532.00;95.00;10.27;10.69
533.00;95.00;10.07;10.69
534.00;95.00;10.01;10.69
535.00;94.00;10.17;10.79
536.00;93.00;10.61;10.78
537.00;95.00;10.74;10.78
538.00;95.00;10.94;10.78
539.00;94.00;11.17;10.78
540.00;93.00;11.27;10.78
541.00;92.00;11.25;10.76
542.00;92.00;11.26;10.76
543.00;92.00;11.17;10.76
544.00;91.00;11.37;10.76
545.00;90.00;11.53;10.75
546.00;89.00;11.61;10.74
547.00;89.00;11.76;10.74
548.00;90.00;11.66;10.74
549.00;91.00;11.37;10.74
550.00;92.00;11.17;10.72
551.00;91.00;10.93;10.73
552.00;91.00;10.88;10.75
553.00;91.00;10.79;10.75
554.00;90.00;10.84;10.72
555.00;89.00;10.77;10.73
556.00;87.00;10.60;10.70
557.00;87.00;10.38;10.70
558.00;87.00;10.23;10.70
559.00;88.00;10.23;10.70
560.00;88.00;10.31;10.70
561.00;87.00;10.76;10.80
562.00;87.00;11.18;10.80
563.00;86.00;11.52;10.78
564.00;86.00;11.61;10.78
565.00;86.00;11.55;10.78
566.00;85.00;11.58;10.76
567.00;85.00;11.64;10.76
568.00;85.00;11.47;10.76
569.00;86.00;11.30;10.76
570.00;87.00;11.08;10.76
571.00;85.00;10.82;10.76
572.00;85.00;10.84;10.76
573.00;82.00;10.90;10.71
574.00;84.00;10.94;10.71
575.00;84.00;10.73;10.71
576.00;84.00;10.91;10.71
577.00;83.00;11.36;10.71
578.00;82.00;11.39;10.71
579.00;82.00;11.54;10.71
580.00;82.00;11.52;10.71
581.00;82.00;11.45;10.71
582.00;82.00;11.53;10.71
583.00;82.00;11.79;10.71
584.00;81.00;12.00;10.81
585.00;80.00;11.93;10.80
586.00;79.00;11.85;10.78
587.00;78.00;11.96;10.79
588.00;77.00;11.84;10.79
589.00;77.00;11.75;10.80
590.00;77.00;11.79;10.80
591.00;77.00;11.82;10.80
592.00;77.00;11.67;10.82
593.00;77.00;11.56;10.82
594.00;77.00;11.29;10.82
595.00;77.00;10.95;10.82
596.00;80.00;10.49;10.82
597.00;80.00;10.60;10.82
598.00;80.00;10.64;10.82
599.00;80.00;10.67;10.82
600.00;80.00;10.79;10.82
601.00;80.00;10.89;10.82
602.00;80.00;10.99;10.82
603.00;81.00;10.95;10.82
604.00;81.00;10.92;10.82
605.00;81.00;10.83;10.82
606.00;82.00;10.91;10.82
607.00;82.00;10.64;10.82
608.00;82.00;10.53;10.83
609.00;82.00;10.67;10.83
610.00;84.00;10.73;10.83
611.00;85.00;10.93;10.83
612.00;85.00;10.76;10.80
613.00;87.00;10.48;10.80
614.00;87.00;10.45;10.80
615.00;88.00;10.33;10.80
616.00;89.00;10.32;10.80
617.00;89.00;10.76;10.80
618.00;89.00;10.84;10.80
619.00;89.00;11.17;10.80
620.00;88.00;11.31;10.80
621.00;89.00;11.45;10.80
622.00;90.00;11.31;10.80
623.00;90.00;11.46;10.80
624.00;91.00;11.11;10.80
625.00;90.00;10.83;10.80
626.00;89.00;10.72;10.79
627.00;89.00;10.52;10.80
628.00;89.00;10.76;10.87
629.00;89.00;10.79;10.87
630.00;88.00;10.85;10.85
631.00;86.00;10.97;10.83
632.00;85.00;11.31;10.82
633.00;84.00;11.73;10.81
634.00;85.00;11.83;10.81
635.00;86.00;11.95;10.81
636.00;86.00;12.11;10.80
637.00;84.00;12.56;10.79
638.00;85.00;12.56;10.78
639.00;86.00;12.65;10.78
640.00;85.00;12.61;10.78
641.00;85.00;12.73;10.78
642.00;86.00;12.53;10.78
643.00;86.00;11.98;10.78
644.00;85.00;11.93;10.74
645.00;83.00;11.73;10.73
646.00;83.00;11.67;10.74
647.00;85.00;11.44;10.74
648.00;85.00;11.31;10.74
649.00;86.00;11.30;10.74
650.00;86.00;11.13;10.74
651.00;86.00;11.21;10.74
652.00;85.00;11.37;10.73
653.00;87.00;11.24;10.72
654.00;87.00;11.45;10.72
655.00;87.00;11.69;10.72
656.00;87.00;11.96;10.72
657.00;87.00;12.12;10.72
658.00;84.00;12.35;10.73
659.00;84.00;12.51;10.73
660.00;83.00;12.59;10.73
661.00;83.00;12.36;10.73
662.00;83.00;12.10;10.73
663.00;83.00;11.97;10.73
664.00;81.00;11.76;10.72
665.00;81.00;11.74;10.72
666.00;82.00;11.93;10.72
667.00;80.00;12.19;10.76
668.00;79.00;12.16;10.77
669.00;79.00;12.19;10.77
670.00;80.00;11.94;10.77
671.00;80.00;11.91;10.77
672.00;80.00;11.98;10.77
673.00;79.00;11.97;10.76
674.00;79.00;11.85;10.76
675.00;80.00;11.73;10.76
676.00;79.00;11.68;10.76
677.00;79.00;11.60;10.75
678.00;79.00;11.39;10.75
679.00;79.00;11.30;10.75
680.00;80.00;11.17;10.75
681.00;81.00;11.52;10.75
682.00;80.00;11.62;10.75
683.00;80.00;11.62;10.75
684.00;79.00;11.69;10.75
685.00;78.00;11.46;10.82
686.00;80.00;10.99;10.82
687.00;80.00;11.11;10.82
688.00;80.00;11.08;10.82
689.00;80.00;11.28;10.82
690.00;80.00;11.32;10.82
691.00;79.00;11.30;10.82
692.00;79.00;11.49;10.82
693.00;79.00;11.70;10.82
694.00;80.00;11.59;10.82
695.00;78.00;11.54;10.82
696.00;78.00;11.85;10.82
697.00;77.00;11.92;10.82
698.00;77.00;11.91;10.82
699.00;77.00;11.87;10.81
700.00;77.00;11.92;10.81
701.00;78.00;11.74;10.81
702.00;78.00;11.77;10.81
703.00;78.00;11.65;10.81
704.00;78.00;11.66;10.81
705.00;77.00;11.74;10.81
706.00;79.00;11.39;10.81
707.00;79.00;11.35;10.81
708.00;79.00;11.32;10.85
709.00;79.00;11.16;10.85
710.00;79.00;11.09;10.85
711.00;79.00;11.13;10.85
712.00;79.00;11.16;10.85
713.00;79.00;11.24;10.85
714.00;80.00;11.13;10.85
715.00;80.00;11.37;10.84
716.00;81.00;11.64;10.84
717.00;81.00;11.81;10.84
718.00;81.00;11.92;10.84
719.00;81.00;12.10;10.84
720.00;82.00;12.05;10.84
721.00;82.00;12.27;10.84
722.00;82.00;12.28;10.84
723.00;81.00;12.12;10.85
724.00;82.00;11.89;10.85
725.00;81.00;11.89;10.84
726.00;81.00;11.84;10.84
727.00;81.00;11.51;10.84
728.00;81.00;11.56;10.84
729.00;80.00;11.96;10.84
730.00;79.00;12.48;10.85
731.00;79.00;12.38;10.85
732.00;78.00;12.50;10.84
733.00;79.00;12.45;10.84
734.00;79.00;12.33;10.87
735.00;79.00;12.44;10.87
736.00;80.00;12.32;10.87
737.00;80.00;12.30;10.86
738.00;79.00;12.51;10.85
739.00;78.00;12.71;10.84
740.00;78.00;12.57;10.84
741.00;78.00;12.42;10.83
742.00;78.00;12.38;10.83
743.00;76.00;12.34;10.83
744.00;75.00;12.26;10.83
745.00;75.00;12.54;10.83
746.00;75.00;12.57;10.83
747.00;75.00;12.54;10.83
748.00;76.00;12.26;10.83
749.00;77.00;12.10;10.83
750.00;76.00;12.11;10.83
751.00;76.00;12.16;10.83
752.00;78.00;11.68;10.85
753.00;76.00;11.60;10.86
754.00;76.00;11.65;10.86
755.00;77.00;11.48;10.86
756.00;78.00;11.54;10.86
757.00;78.00;11.83;10.86
758.00;78.00;12.04;10.86
759.00;78.00;12.20;10.86
760.00;78.00;12.23;10.84
761.00;78.00;12.02;10.83
762.00;78.00;12.10;10.83
763.00;78.00;12.29;10.83
764.00;77.00;12.42;10.81
765.00;77.00;12.57;10.81
766.00;76.00;12.86;10.81
767.00;76.00;12.86;10.80
768.00;76.00;13.05;10.80
769.00;76.00;12.99;10.80
770.00;75.00;13.13;10.83
771.00;75.00;13.19;10.83
772.00;74.00;13.20;10.83
773.00;73.00;13.10;10.85
774.00;73.00;12.87;10.85
775.00;76.00;12.32;10.85
776.00;75.00;12.46;10.85
777.00;75.00;12.88;10.85
778.00;75.00;12.91;10.85
779.00;74.00;12.96;10.85
780.00;73.00;12.80;10.90
781.00;73.00;12.89;10.90
782.00;74.00;12.72;10.90
783.00;76.00;12.35;10.90
784.00;76.00;12.43;10.90
785.00;75.00;12.37;10.89
786.00;75.00;12.48;10.89
787.00;75.00;12.70;10.89
788.00;74.00;12.66;10.90
789.00;74.00;12.80;10.90
790.00;74.00;12.89;10.90
791.00;75.00;12.34;10.90
792.00;76.00;12.09;10.90
793.00;78.00;11.83;10.90
794.00;75.00;11.80;10.90
795.00;77.00;11.33;10.90
796.00;76.00;11.05;10.90
797.00;76.00;11.16;10.90
798.00;76.00;11.49;10.90
799.00;76.00;11.79;10.90
800.00;77.00;11.94;10.90
801.00;76.00;12.23;10.90
802.00;77.00;12.43;10.90
803.00;77.00;12.34;10.91
804.00;78.00;12.15;10.91
805.00;78.00;12.02;10.91
806.00;79.00;11.91;10.91
807.00;79.00;12.00;10.91
808.00;78.00;11.95;10.91
809.00;77.00;12.24;10.91
810.00;77.00;12.51;10.91
811.00;77.00;12.64;10.90
812.00;75.00;12.30;10.96
813.00;74.00;11.92;10.95
814.00;74.00;11.57;10.95
815.00;74.00;11.52;10.95
816.00;74.00;11.61;10.95
817.00;75.00;11.99;10.95
818.00;75.00;12.15;10.97
819.00;73.00;12.47;10.97
820.00;75.00;12.30;10.97
821.00;75.00;12.26;10.97
822.00;76.00;12.03;10.97
823.00;74.00;11.95;10.96
824.00;74.00;11.80;10.96
825.00;75.00;11.83;10.96
826.00;76.00;11.69;10.96
827.00;76.00;11.83;10.96
828.00;76.00;12.06;10.96
829.00;76.00;11.99;10.96
830.00;75.00;11.90;10.97
831.00;75.00;11.75;10.97
832.00;75.00;11.64;10.97
833.00;75.00;11.25;10.98
834.00;74.00;11.20;10.97
835.00;73.00;11.15;10.98
836.00;71.00;11.23;10.98
837.00;71.00;11.53;10.98
838.00;70.00;11.94;10.98
839.00;70.00;12.38;10.98
840.00;69.00;12.83;11.00
841.00;69.00;13.01;11.00
842.00;69.00;12.49;11.00
843.00;69.00;12.40;11.00
844.00;68.00;12.42;11.01
845.00;68.00;12.60;11.01
846.00;68.00;12.80;11.01
847.00;66.00;13.29;11.02
848.00;66.00;13.63;11.02
849.00;66.00;13.97;11.02
850.00;67.00;13.78;11.02
851.00;69.00;13.34;11.02
852.00;67.00;13.07;11.04
853.00;68.00;12.57;11.04
854.00;67.00;12.42;11.06
855.00;67.00;12.28;11.06
856.00;69.00;11.93;11.06
857.00;69.00;12.07;11.06
858.00;69.00;12.31;11.06
859.00;69.00;12.62;11.06
860.00;68.00;12.86;11.09
861.00;68.00;13.09;11.09
862.00;68.00;13.00;11.09
863.00;67.00;12.73;11.08
864.00;67.00;12.69;11.08
865.00;68.00;12.79;11.08
866.00;68.00;12.86;11.09
867.00;67.00;12.95;11.09
868.00;68.00;13.00;11.09
869.00;67.00;12.98;11.08
870.00;66.00;12.54;11.08
871.00;66.00;12.45;11.08
872.00;65.00;12.31;11.12
873.00;65.00;12.30;11.12
874.00;65.00;12.32;11.15
875.00;65.00;12.44;11.15
876.00;65.00;12.36;11.15
877.00;64.00;12.70;11.16
878.00;64.00;13.08;11.16
879.00;64.00;13.62;11.16
880.00;64.00;13.92;11.16
881.00;64.00;13.82;11.16
882.00;63.00;13.53;11.16
883.00;64.00;13.10;11.16
884.00;64.00;12.93;11.16
885.00;63.00;13.04;11.17
886.00;63.00;13.24;11.17
887.00;64.00;13.33;11.17
888.00;64.00;13.50;11.17
889.00;64.00;13.32;11.17
890.00;64.00;13.07;11.17
891.00;66.00;12.71;11.17
892.00;67.00;12.49;11.17
893.00;66.00;12.64;11.18
894.00;65.00;12.62;11.18
895.00;64.00;12.54;11.19
896.00;64.00;12.66;11.19
897.00;64.00;12.88;11.19
898.00;63.00;13.44;11.19
899.00;63.00;13.64;11.19
900.00;63.00;13.79;11.19
901.00;63.00;13.76;11.19
902.00;60.00;13.33;11.21
903.00;61.00;12.86;11.21
904.00;61.00;12.78;11.21
905.00;61.00;12.36;11.21
906.00;61.00;11.86;11.21
907.00;61.00;11.88;11.21
908.00;62.00;11.84;11.21
909.00;62.00;12.08;11.21
910.00;62.00;12.38;11.21
911.00;62.00;12.60;11.21
912.00;63.00;12.73;11.21
913.00;63.00;12.75;11.21
914.00;62.00;12.83;11.22
915.00;62.00;12.74;11.22
916.00;64.00;12.20;11.22
917.00;64.00;12.36;11.22
918.00;64.00;12.64;11.22
919.00;64.00;12.62;11.24
920.00;65.00;12.29;11.24
921.00;65.00;12.40;11.24
922.00;66.00;12.08;11.24
923.00;66.00;11.93;11.24
924.00;67.00;11.83;11.24
925.00;66.00;11.72;11.27
926.00;67.00;11.56;11.27
927.00;67.00;11.68;11.27
928.00;68.00;11.70;11.27
929.00;68.00;11.91;11.27
930.00;68.00;12.03;11.27
931.00;69.00;12.16;11.27
932.00;71.00;11.78;11.27
933.00;71.00;11.69;11.27
934.00;71.00;11.58;11.27
935.00;72.00;11.43;11.27
936.00;71.00;11.51;11.27
937.00;72.00;11.83;11.27
938.00;72.00;12.25;11.27
939.00;72.00;12.37;11.27
940.00;72.00;12.69;11.27
941.00;72.00;12.45;11.27
942.00;73.00;12.18;11.27
943.00;73.00;12.04;11.26
944.00;73.00;12.16;11.26
945.00;73.00;12.11;11.25
946.00;73.00;12.05;11.25
947.00;72.00;12.02;11.25
948.00;73.00;12.04;11.25
949.00;73.00;12.32;11.25
950.00;73.00;12.31;11.25
951.00;73.00;12.62;11.25
952.00;73.00;12.41;11.24
953.00;73.00;12.51;11.24
954.00;73.00;12.48;11.24
955.00;72.00;12.43;11.23
956.00;72.00;12.37;11.23
957.00;73.00;11.99;11.26
958.00;72.00;12.09;11.25
959.00;72.00;12.21;11.25
960.00;72.00;12.21;11.25
961.00;72.00;12.19;11.25
962.00;72.00;11.83;11.25
963.00;71.00;11.62;11.25
964.00;72.00;11.43;11.25
965.00;71.00;11.36;11.26
966.00;71.00;11.53;11.26
967.00;71.00;11.48;11.26
968.00;71.00;11.56;11.26
969.00;69.00;11.50;11.27
970.00;69.00;11.73;11.27
971.00;69.00;11.91;11.27
972.00;68.00;11.79;11.27
973.00;68.00;11.46;11.28
974.00;67.00;11.63;11.28
975.00;67.00;11.77;11.31
976.00;67.00;11.88;11.31
977.00;65.00;12.13;11.31
978.00;65.00;12.21;11.31
979.00;66.00;12.17;11.31
980.00;64.00;12.43;11.33
981.00;64.00;12.94;11.33
982.00;64.00;13.01;11.33
983.00;64.00;13.02;11.33
984.00;64.00;13.22;11.33
985.00;63.00;12.77;11.33
986.00;63.00;12.63;11.33
987.00;62.00;12.58;11.33
988.00;62.00;12.50;11.33
989.00;62.00;12.38;11.33
990.00;62.00;12.36;11.33
991.00;61.00;12.43;11.33
992.00;61.00;12.52;11.33
993.00;60.00;12.44;11.33
994.00;60.00;12.23;11.33
995.00;61.00;12.07;11.33
996.00;60.00;11.94;11.32
997.00;60.00;11.60;11.32
998.00;59.00;11.45;11.32
999.00;59.00;11.30;11.32
1000.00;59.00;11.06;11.32
1001.00;60.00;10.69;11.32
1002.00;60.00;10.64;11.32
1003.00;59.00;10.90;11.32
1004.00;60.00;11.24;11.32
1005.00;59.00;11.86;11.32
1006.00;59.00;12.57;11.32
1007.00;59.00;12.85;11.32
1008.00;58.00;13.41;11.33
1009.00;57.00;13.45;11.33
1010.00;57.00;13.49;11.33
1011.00;57.00;13.46;11.33
1012.00;56.00;13.66;11.33
1013.00;54.00;13.70;11.32
1014.00;54.00;13.55;11.32
1015.00;53.00;12.84;11.32
1016.00;54.00;12.14;11.32
1017.00;54.00;12.15;11.32
1018.00;53.00;12.11;11.32
1019.00;52.00;12.04;11.32
1020.00;53.00;11.99;11.32
1021.00;54.00;12.32;11.32
1022.00;52.00;12.48;11.32
1023.00;51.00;12.81;11.32
1024.00;51.00;13.15;11.32
1025.00;51.00;13.02;11.33
1026.00;51.00;13.03;11.33
1027.00;51.00;12.69;11.33
1028.00;52.00;12.18;11.33
1029.00;52.00;12.08;11.33
1030.00;51.00;12.29;11.33
1031.00;50.00;11.88;11.35
1032.00;50.00;11.81;11.35
1033.00;51.00;11.46;11.35
1034.00;52.00;11.41;11.35
1035.00;54.00;11.11;11.35
1036.00;53.00;11.16;11.35
1037.00;53.00;11.12;11.37
1038.00;52.00;11.69;11.38
1039.00;51.00;12.11;11.37
1040.00;51.00;11.99;11.37
1041.00;51.00;12.01;11.37
1042.00;53.00;11.28;11.37
1043.00;54.00;10.83;11.37
1044.00;54.00;10.95;11.37
1045.00;54.00;11.41;11.37
1046.00;54.00;11.80;11.37
1047.00;54.00;12.14;11.37
1048.00;54.00;12.36;11.37
1049.00;54.00;12.44;11.37
1050.00;54.00;12.82;11.37
1051.00;53.00;13.01;11.37
1052.00;53.00;13.02;11.38
1053.00;53.00;13.19;11.38
1054.00;53.00;13.08;11.38
1055.00;53.00;12.76;11.38
1056.00;52.00;12.26;11.38
1057.00;53.00;11.89;11.38
1058.00;52.00;11.64;11.40
1059.00;53.00;11.56;11.40
1060.00;53.00;11.66;11.40
1061.00;53.00;11.62;11.40
1062.00;53.00;11.34;11.40
1063.00;53.00;11.35;11.40
1064.00;53.00;11.25;11.40
1065.00;53.00;11.31;11.40
1066.00;54.00;11.25;11.40
1067.00;54.00;11.42;11.40
1068.00;54.00;11.59;11.40
1069.00;54.00;11.87;11.40
1070.00;53.00;12.05;11.40
1071.00;52.00;11.94;11.40
1072.00;52.00;12.02;11.40
1073.00;51.00;12.00;11.40
1074.00;51.00;11.98;11.40
1075.00;50.00;11.96;11.39
1076.00;50.00;12.05;11.39
1077.00;54.00;11.58;11.39
1078.00;54.00;11.82;11.39
1079.00;55.00;11.15;11.39
1080.00;55.00;11.21;11.39
1081.00;54.00;11.17;11.40
1082.00;54.00;11.03;11.40
1083.00;53.00;11.04;11.40
1084.00;52.00;11.50;11.40
1085.00;53.00;11.30;11.40
1086.00;53.00;11.33;11.40
1087.00;54.00;11.56;11.40
1088.00;56.00;11.48;11.40
1089.00;57.00;11.58;11.40
1090.00;57.00;11.75;11.40
1091.00;57.00;11.76;11.40
1092.00;57.00;11.20;11.40
1093.00;58.00;11.16;11.40
1094.00;58.00;11.42;11.40
1095.00;58.00;11.80;11.40
1096.00;58.00;11.63;11.40
1097.00;58.00;11.74;11.40
1098.00;58.00;11.75;11.40
1099.00;58.00;12.09;11.40
1100.00;59.00;11.87;11.40
1101.00;59.00;12.14;11.40
1102.00;58.00;12.72;11.40
1103.00;58.00;12.79;11.40
1104.00;58.00;13.05;11.40
1105.00;57.00;13.25;11.40
1106.00;57.00;13.32;11.40
1107.00;58.00;12.84;11.42
1108.00;57.00;12.93;11.42
1109.00;57.00;13.09;11.42
1110.00;55.00;12.92;11.41
1111.00;55.00;12.93;11.41
1112.00;55.00;12.69;11.41
1113.00;57.00;11.93;11.41
1114.00;58.00;11.42;11.42
1115.00;57.00;11.68;11.42
1116.00;57.00;11.89;11.42
1117.00;58.00;11.76;11.42
1118.00;58.00;11.94;11.42
1119.00;58.00;12.18;11.42
1120.00;58.00;12.06;11.42
1121.00;59.00;11.77;11.42
1122.00;60.00;11.30;11.42
1123.00;60.00;11.24;11.42
1124.00;60.00;11.29;11.42
1125.00;60.00;10.96;11.42
1126.00;60.00;10.73;11.42
1127.00;58.00;10.60;11.41
1128.00;58.00;10.46;11.41
1129.00;58.00;10.39;11.41
1130.00;58.00;10.24;11.41
1131.00;57.00;10.33;11.41
1132.00;56.00;10.59;11.41
1133.00;56.00;10.81;11.41
1134.00;57.00;10.40;11.41
1135.00;59.00;10.27;11.41
1136.00;58.00;10.74;11.40
1137.00;57.00;11.15;11.42
1138.00;58.00;11.32;11.42
1139.00;59.00;11.21;11.44
1140.00;59.00;11.32;11.43
1141.00;59.00;11.36;11.43
1142.00;59.00;11.63;11.43
1143.00;59.00;12.05;11.43
1144.00;59.00;12.12;11.43
1145.00;60.00;11.88;11.43
1146.00;61.00;11.54;11.43
1147.00;61.00;11.40;11.43
1148.00;62.00;11.20;11.43
1149.00;63.00;11.11;11.43
1150.00;64.00;11.29;11.43
1151.00;63.00;11.66;11.43
1152.00;66.00;11.56;11.43
1153.00;66.00;11.94;11.43
1154.00;64.00;11.64;11.46
1155.00;64.00;11.71;11.46
1156.00;65.00;11.31;11.46
1157.00;65.00;11.25;11.46
1158.00;65.00;11.40;11.46
1159.00;66.00;11.42;11.46
1160.00;66.00;11.52;11.46
1161.00;66.00;11.56;11.46
1162.00;67.00;11.64;11.46
1163.00;67.00;11.81;11.46
1164.00;65.00;11.70;11.45
1165.00;65.00;11.96;11.45
1166.00;65.00;12.29;11.45
1167.00;65.00;12.01;11.45
1168.00;66.00;11.39;11.45
1169.00;66.00;11.14;11.45
1170.00;66.00;11.13;11.45
1171.00;66.00;11.50;11.45
1172.00;65.00;11.59;11.45
1173.00;65.00;11.41;11.45
1174.00;64.00;11.42;11.44
1175.00;64.00;11.45;11.44
1176.00;64.00;11.56;11.44
1177.00;64.00;11.78;11.44
1178.00;65.00;11.63;11.44
1179.00;66.00;11.58;11.44
1180.00;67.00;11.24;11.44
1181.00;66.00;11.44;11.45
1182.00;64.00;11.28;11.46
1183.00;64.00;11.37;11.46
1184.00;64.00;11.43;11.46
1185.00;65.00;11.20;11.46
1186.00;65.00;11.21;11.46
1187.00;65.00;11.14;11.46
1188.00;64.00;11.04;11.46
1189.00;64.00;10.97;11.46
1190.00;64.00;11.16;11.46
1191.00;64.00;11.47;11.46
1192.00;65.00;11.45;11.46
1193.00;65.00;11.55;11.46
1194.00;64.00;11.66;11.48
1195.00;65.00;11.50;11.48
1196.00;64.00;11.60;11.48
1197.00;64.00;11.81;11.48
1198.00;65.00;11.87;11.48
1199.00;65.00;12.10;11.48
1200.00;65.00;12.03;11.48
1201.00;65.00;12.05;11.48
1202.00;65.00;12.12;11.48
1203.00;65.00;12.06;11.48
1204.00;66.00;12.12;11.48
1205.00;66.00;12.14;11.47
1206.00;67.00;12.35;11.47
1207.00;67.00;12.62;11.47
1208.00;67.00;12.76;11.47
1209.00;66.00;12.38;11.48
1210.00;66.00;12.30;11.48
1211.00;66.00;12.17;11.48
1212.00;66.00;12.08;11.48
1213.00;66.00;11.73;11.48
1214.00;66.00;11.27;11.48
1215.00;64.00;10.91;11.49
1216.00;63.00;10.75;11.52
1217.00;63.00;10.57;11.53
1218.00;63.00;10.89;11.53
1219.00;63.00;10.86;11.52
1220.00;64.00;11.17;11.52
1221.00;64.00;11.49;11.52
1222.00;65.00;11.48;11.52
1223.00;66.00;11.44;11.52
1224.00;66.00;11.40;11.52
1225.00;66.00;11.66;11.52
1226.00;66.00;11.94;11.52
1227.00;67.00;11.55;11.52
1228.00;67.00;11.15;11.52
1229.00;67.00;10.90;11.52
1230.00;67.00;10.60;11.52
1231.00;66.00;10.22;11.52
1232.00;66.00;10.34;11.52
1233.00;65.00;10.33;11.52
1234.00;65.00;10.68;11.52
1235.00;65.00;10.75;11.52
1236.00;65.00;10.56;11.52
1237.00;64.00;10.42;11.51
1238.00;63.00;10.35;11.51
1239.00;65.00;10.16;11.51
1240.00;64.00;10.38;11.51
1241.00;64.00;10.70;11.51
1242.00;62.00;10.89;11.51
1243.00;60.00;11.38;11.51
1244.00;60.00;11.40;11.51
1245.00;60.00;11.60;11.51
1246.00;60.00;11.74;11.51
1247.00;59.00;11.84;11.50
1248.00;59.00;11.88;11.50
1249.00;60.00;11.85;11.50
1250.00;60.00;12.09;11.50
1251.00;60.00;12.22;11.50
1252.00;59.00;12.04;11.50
1253.00;59.00;11.88;11.50
1254.00;59.00;11.87;11.50
1255.00;59.00;12.03;11.50
1256.00;61.00;11.60;11.50
1257.00;61.00;11.69;11.50
1258.00;60.00;11.97;11.49
1259.00;60.00;12.04;11.49
1260.00;60.00;11.99;11.49
1261.00;60.00;11.89;11.49
1262.00;59.00;11.81;11.49
1263.00;59.00;11.74;11.49
1264.00;60.00;11.74;11.49
1265.00;60.00;11.83;11.49
1266.00;60.00;12.05;11.51
1267.00;60.00;12.26;11.51
1268.00;61.00;12.00;11.51
1269.00;61.00;11.44;11.51
1270.00;61.00;11.01;11.51
1271.00;61.00;10.73;11.51
1272.00;61.00;10.88;11.51
1273.00;62.00;10.87;11.51
1274.00;61.00;11.11;11.51
1275.00;62.00;11.14;11.51
1276.00;61.00;11.35;11.51
1277.00;60.00;11.38;11.53
1278.00;60.00;11.11;11.52
1279.00;61.00;11.07;11.52
1280.00;60.00;10.95;11.53
1281.00;59.00;10.97;11.53
1282.00;60.00;10.55;11.53
1283.00;60.00;10.55;11.53
1284.00;59.00;10.64;11.53
1285.00;60.00;10.33;11.53
1286.00;59.00;10.19;11.53
1287.00;59.00;9.49;11.52
1288.00;59.00;9.62;11.52
1289.00;60.00;9.54;11.52
1290.00;61.00;9.60;11.52
1291.00;61.00;10.20;11.52
1292.00;62.00;10.00;11.52
1293.00;62.00;9.74;11.52
1294.00;62.00;9.69;11.52
1295.00;62.00;10.04;11.52
1296.00;62.00;10.17;11.52
1297.00;63.00;10.56;11.52
1298.00;62.00;11.11;11.52
1299.00;61.00;11.34;11.51
1300.00;61.00;11.59;11.51
1301.00;61.00;11.81;11.51
1302.00;60.00;11.76;11.52
1303.00;59.00;11.80;11.51
1304.00;59.00;11.81;11.51
1305.00;58.00;11.58;11.53
1306.00;58.00;11.17;11.53
1307.00;57.00;11.12;11.53
1308.00;58.00;10.86;11.53
1309.00;59.00;10.78;11.53
1310.00;58.00;10.78;11.53
1311.00;58.00;11.02;11.53
1312.00;58.00;11.20;11.53
1313.00;59.00;11.28;11.53
1314.00;60.00;11.08;11.53
1315.00;59.00;10.99;11.53
1316.00;59.00;11.25;11.53
1317.00;61.00;10.69;11.53
1318.00;62.00;10.37;11.53
1319.00;61.00;10.72;11.52
1320.00;61.00;10.83;11.52
1321.00;61.00;10.79;11.52
1322.00;60.00;10.59;11.52
1323.00;60.00;10.34;11.51
1324.00;61.00;10.45;11.51
1325.00;61.00;10.51;11.51
1326.00;61.00;10.75;11.51
1327.00;60.00;10.90;11.51
1328.00;61.00;10.80;11.51
1329.00;62.00;10.53;11.51
1330.00;62.00;10.88;11.51
1331.00;62.00;11.15;11.51
1332.00;62.00;11.24;11.51
1333.00;61.00;10.80;11.51
1334.00;61.00;10.77;11.51
1335.00;60.00;10.64;11.52
1336.00;59.00;10.92;11.51
1337.00;59.00;11.03;11.51
1338.00;59.00;11.09;11.51
1339.00;59.00;11.01;11.51
1340.00;58.00;10.71;11.50
1341.00;58.00;10.56;11.50
1342.00;58.00;10.80;11.50
1343.00;58.00;11.01;11.50
1344.00;58.00;11.25;11.50
1345.00;59.00;11.52;11.50
1346.00;59.00;11.71;11.50
1347.00;60.00;11.76;11.50
1348.00;59.00;11.87;11.50
1349.00;60.00;11.62;11.50
1350.00;58.00;11.12;11.50
1351.00;57.00;10.66;11.49
1352.00;58.00;10.16;11.49
1353.00;59.00;9.83;11.49
1354.00;60.00;9.35;11.49
1355.00;60.00;9.13;11.49
1356.00;59.00;9.72;11.49
1357.00;59.00;10.18;11.49
1358.00;59.00;10.58;11.49
1359.00;59.00;11.13;11.49
1360.00;58.00;11.30;11.50
1361.00;58.00;11.64;11.50
1362.00;57.00;11.74;11.49
1363.00;57.00;11.44;11.49
1364.00;56.00;11.18;11.49
1365.00;57.00;10.85;11.49
1366.00;57.00;10.71;11.49
1367.00;56.00;10.64;11.49
1368.00;56.00;11.01;11.49
1369.00;56.00;11.16;11.49
1370.00;56.00;11.30;11.49
1371.00;57.00;11.23;11.49
1372.00;57.00;11.53;11.49
1373.00;55.00;12.04;11.48
1374.00;56.00;12.14;11.48
1375.00;56.00;12.31;11.48
1376.00;53.00;12.29;11.48
1377.00;52.00;12.51;11.48
1378.00;53.00;12.50;11.48
1379.00;53.00;12.75;11.48
1380.00;52.00;12.77;11.48
1381.00;52.00;12.82;11.48
1382.00;51.00;12.53;11.47
1383.00;52.00;12.10;11.47
1384.00;53.00;11.96;11.47
1385.00;54.00;11.95;11.47
1386.00;54.00;12.14;11.47
1387.00;55.00;11.94;11.47
1388.00;55.00;11.82;11.47
1389.00;55.00;11.53;11.47
1390.00;55.00;11.50;11.47
1391.00;53.00;11.83;11.47
1392.00;55.00;11.93;11.47
1393.00;55.00;12.32;11.47
1394.00;56.00;12.29;11.47
1395.00;56.00;11.94;11.47
1396.00;56.00;11.77;11.47
1397.00;55.00;11.75;11.47
1398.00;55.00;11.63;11.47
1399.00;55.00;11.45;11.47
1400.00;55.00;11.60;11.47
1401.00;55.00;11.62;11.47
1402.00;54.00;11.65;11.47
1403.00;52.00;11.88;11.46
1404.00;51.00;12.35;11.46
1405.00;52.00;12.33;11.46
1406.00;53.00;12.48;11.46
1407.00;53.00;12.96;11.46
1408.00;52.00;13.15;11.46
1409.00;51.00;13.17;11.46
1410.00;53.00;12.57;11.46
1411.00;53.00;12.17;11.46
1412.00;53.00;11.69;11.46
1413.00;55.00;11.02;11.46
1414.00;55.00;10.91;11.46
1415.00;55.00;10.97;11.46
1416.00;54.00;11.21;11.47
1417.00;54.00;11.25;11.47
1418.00;53.00;11.24;11.47
1419.00;53.00;11.29;11.47
1420.00;53.00;11.36;11.47
1421.00;54.00;11.52;11.47
1422.00;54.00;11.54;11.47
1423.00;54.00;11.67;11.47
1424.00;54.00;11.70;11.47
1425.00;53.00;11.93;11.47
1426.00;53.00;11.87;11.47
1427.00;53.00;12.05;11.47
1428.00;53.00;12.22;11.47
1429.00;53.00;12.48;11.47
1430.00;55.00;12.14;11.47
1431.00;54.00;12.36;11.46
1432.00;54.00;12.69;11.46
1433.00;54.00;13.03;11.46
1434.00;54.00;12.89;11.46
1435.00;53.00;12.29;11.46
1436.00;51.00;11.93;11.46
1437.00;51.00;11.88;11.46
1438.00;51.00;11.79;11.46
1439.00;50.00;11.35;11.46
1440.00;50.00;11.07;11.46
1441.00;50.00;10.60;11.46
1442.00;50.00;10.62;11.46
1443.00;50.00;10.71;11.46
1444.00;50.00;11.00;11.46
1445.00;50.00;11.44;11.46
1446.00;50.00;11.98;11.46
1447.00;50.00;12.30;11.46
1448.00;50.00;12.43;11.46
1449.00;50.00;12.30;11.46
1450.00;50.00;11.86;11.46
1451.00;50.00;11.88;11.46
1452.00;50.00;11.57;11.46
1453.00;51.00;11.11;11.46
1454.00;49.00;10.94;11.46
1455.00;49.00;10.77;11.46
1456.00;48.00;10.79;11.46
1457.00;48.00;11.30;11.46
1458.00;48.00;11.66;11.46
1459.00;48.00;12.00;11.46
1460.00;48.00;12.18;11.46
1461.00;46.00;12.25;11.46
1462.00;46.00;11.78;11.46
1463.00;46.00;11.21;11.46
1464.00;45.00;10.93;11.45
1465.00;45.00;10.78;11.45
1466.00;46.00;10.73;11.45
1467.00;47.00;10.62;11.45
1468.00;47.00;11.05;11.45
1469.00;48.00;11.04;11.45
1470.00;48.00;11.36;11.45
1471.00;48.00;11.72;11.45
1472.00;47.00;11.74;11.45
1473.00;47.00;11.90;11.45
1474.00;47.00;11.85;11.45
1475.00;47.00;11.54;11.45
1476.00;46.00;11.48;11.44
1477.00;46.00;11.78;11.44
1478.00;46.00;11.93;11.44
1479.00;46.00;11.97;11.44
1480.00;46.00;11.91;11.44
1481.00;46.00;11.72;11.44
1482.00;46.00;11.70;11.44
1483.00;46.00;11.71;11.44
1484.00;47.00;11.92;11.44
1485.00;47.00;12.03;11.44
1486.00;47.00;12.02;11.44
1487.00;47.00;12.06;11.44
1488.00;47.00;11.76;11.45
1489.00;47.00;11.51;11.45
1490.00;47.00;11.78;11.45
1491.00;47.00;11.96;11.45
1492.00;47.00;11.43;11.44
1493.00;47.00;11.68;11.44
1494.00;46.00;11.72;11.44
1495.00;47.00;11.50;11.44
1496.00;46.00;11.63;11.44
1497.00;46.00;11.70;11.44
1498.00;46.00;11.63;11.44
1499.00;46.00;11.71;11.44
1500.00;46.00;11.75;11.44
1501.00;47.00;11.71;11.44
1502.00;47.00;11.68;11.44
1503.00;46.00;11.70;11.44
1504.00;48.00;11.33;11.44
1505.00;47.00;11.29;11.44
1506.00;46.00;11.15;11.44
1507.00;46.00;11.21;11.44
1508.00;46.00;11.13;11.44
1509.00;46.00;10.95;11.44
1510.00;46.00;11.21;11.44
1511.00;46.00;11.18;11.44
1512.00;46.00;11.02;11.44
1513.00;45.00;11.09;11.44
1514.00;45.00;10.97;11.44
1515.00;46.00;10.62;11.44
1516.00;46.00;10.41;11.44
1517.00;46.00;10.07;11.44
1518.00;46.00;10.24;11.44
1519.00;47.00;10.22;11.44
1520.00;46.00;10.37;11.43
1521.00;47.00;10.14;11.43
1522.00;47.00;10.05;11.43
1523.00;46.00;10.23;11.43
1524.00;46.00;10.46;11.43
1525.00;45.00;10.82;11.43
1526.00;46.00;10.52;11.43
1527.00;46.00;10.54;11.43
1528.00;45.00;10.96;11.42
1529.00;44.00;11.14;11.42
1530.00;45.00;11.09;11.42
1531.00;46.00;11.06;11.42
1532.00;46.00;11.13;11.42
1533.00;44.00;11.40;11.44
1534.00;44.00;11.61;11.44
1535.00;44.00;11.56;11.44
1536.00;44.00;11.23;11.44
1537.00;44.00;11.00;11.44
1538.00;45.00;10.19;11.44
1539.00;46.00;9.65;11.44
1540.00;46.00;9.36;11.44
1541.00;46.00;9.89;11.44
1542.00;45.00;10.10;11.44
1543.00;45.00;10.53;11.44
1544.00;46.00;10.63;11.44
1545.00;46.00;10.89;11.44
1546.00;47.00;10.44;11.44
1547.00;48.00;10.20;11.44
1548.00;48.00;10.27;11.44
1549.00;48.00;10.59;11.44
1550.00;49.00;10.56;11.44
1551.00;50.00;10.79;11.44
1552.00;49.00;11.19;11.46
1553.00;49.00;11.46;11.46
1554.00;48.00;11.55;11.46
1555.00;48.00;11.66;11.46
1556.00;49.00;11.37;11.46
1557.00;49.00;11.50;11.47
1558.00;49.00;11.72;11.47
1559.00;49.00;11.47;11.47
1560.00;49.00;11.55;11.47
1561.00;48.00;11.44;11.47
1562.00;48.00;11.43;11.47
1563.00;48.00;11.89;11.47
1564.00;48.00;12.17;11.47
1565.00;47.00;12.08;11.47
1566.00;46.00;11.87;11.47
1567.00;46.00;11.53;11.47
1568.00;46.00;11.50;11.47
1569.00;46.00;11.48;11.47
1570.00;45.00;11.47;11.46
1571.00;45.00;11.44;11.46
1572.00;45.00;11.58;11.46
1573.00;46.00;11.37;11.46
1574.00;45.00;11.58;11.46
1575.00;45.00;11.65;11.46
1576.00;45.00;12.15;11.46
1577.00;46.00;12.12;11.46
1578.00;45.00;12.41;11.45
1579.00;45.00;12.39;11.45
1580.00;46.00;12.17;11.45
1581.00;48.00;11.63;11.45
1582.00;48.00;11.52;11.45
1583.00;47.00;11.73;11.45
1584.00;47.00;11.90;11.45
1585.00;47.00;12.03;11.45
1586.00;47.00;12.25;11.45
1587.00;46.00;12.03;11.45
1588.00;46.00;12.01;11.45
1589.00;45.00;11.84;11.45
1590.00;45.00;11.81;11.45
1591.00;46.00;11.45;11.45
1592.00;47.00;11.76;11.45
1593.00;47.00;12.34;11.45
1594.00;47.00;12.67;11.45
1595.00;47.00;12.66;11.45
1596.00;47.00;12.57;11.45
1597.00;47.00;12.35;11.45
1598.00;45.00;12.18;11.45
1599.00;44.00;11.71;11.45
1600.00;44.00;11.76;11.45
1601.00;43.00;11.99;11.45
1602.00;44.00;12.01;11.45
1603.00;45.00;11.85;11.45
1604.00;46.00;11.68;11.45
1605.00;46.00;11.56;11.45
1606.00;47.00;11.21;11.45
1607.00;48.00;10.59;11.45
1608.00;49.00;10.31;11.45
1609.00;50.00;10.56;11.45
1610.00;50.00;11.09;11.45
1611.00;49.00;11.53;11.46
1612.00;50.00;11.43;11.46
1613.00;50.00;11.48;11.46
1614.00;50.00;11.59;11.46
1615.00;51.00;11.06;11.46
1616.00;51.00;11.06;11.46
1617.00;53.00;10.37;11.46
1618.00;54.00;10.30;11.46
1619.00;54.00;10.90;11.46
1620.00;54.00;11.29;11.46
1621.00;54.00;11.56;11.46
1622.00;53.00;11.53;11.46
1623.00;52.00;11.34;11.47
1624.00;53.00;11.00;11.47
1625.00;53.00;10.76;11.47
1626.00;53.00;10.92;11.47
1627.00;53.00;10.91;11.47
1628.00;55.00;10.17;11.47
1629.00;55.00;10.10;11.47
1630.00;55.00;10.01;11.47
1631.00;54.00;10.07;11.46
1632.00;54.00;9.94;11.46
1633.00;55.00;9.81;11.46
1634.00;56.00;9.85;11.46
1635.00;56.00;10.38;11.46
1636.00;56.00;10.45;11.46
1637.00;55.00;10.46;11.46
1638.00;55.00;10.71;11.46
1639.00;55.00;11.02;11.46
1640.00;53.00;11.08;11.46
1641.00;53.00;11.37;11.46
1642.00;53.00;11.63;11.46
1643.00;52.00;11.66;11.46
1644.00;51.00;12.13;11.46
1645.00;51.00;12.05;11.46
1646.00;51.00;11.97;11.46
1647.00;52.00;11.43;11.46
1648.00;52.00;11.37;11.46
1649.00;52.00;11.13;11.46
1650.00;52.00;11.39;11.46
1651.00;51.00;11.51;11.46
1652.00;51.00;11.39;11.46
1653.00;50.00;11.30;11.45
1654.00;50.00;11.27;11.45
1655.00;51.00;11.18;11.45
1656.00;49.00;11.53;11.45
1657.00;48.00;11.77;11.45
1658.00;48.00;12.18;11.45
1659.00;47.00;12.47;11.45
1660.00;48.00;12.42;11.45
1661.00;48.00;12.63;11.45
1662.00;48.00;12.56;11.45
1663.00;48.00;12.68;11.45
1664.00;47.00;12.53;11.45
1665.00;47.00;12.40;11.45
1666.00;47.00;12.10;11.45
1667.00;47.00;12.23;11.45
1668.00;47.00;11.91;11.45
1669.00;47.00;11.47;11.45
1670.00;47.00;11.46;11.45
1671.00;48.00;11.39;11.45
1672.00;49.00;11.40;11.45
1673.00;47.00;11.67;11.45
1674.00;45.00;12.10;11.46
1675.00;45.00;12.30;11.46
1676.00;45.00;12.34;11.46
1677.00;45.00;12.10;11.46
1678.00;45.00;11.88;11.46
1679.00;45.00;11.72;11.46
1680.00;44.00;11.78;11.46
1681.00;44.00;12.11;11.46
1682.00;45.00;12.00;11.46
1683.00;45.00;12.08;11.46
1684.00;44.00;11.99;11.46
1685.00;44.00;12.11;11.46
1686.00;44.00;12.32;11.46
1687.00;42.00;12.27;11.47
1688.00;43.00;11.66;11.47
1689.00;42.00;11.32;11.47
1690.00;41.00;11.02;11.47
1691.00;40.00;10.73;11.47
1692.00;40.00;10.66;11.47
1693.00;40.00;10.94;11.47
1694.00;39.00;11.06;11.48
1695.00;39.00;11.74;11.48
1696.00;39.00;11.88;11.48
1697.00;39.00;12.50;11.48
1698.00;39.00;12.70;11.48
1699.00;37.00;12.78;11.48
1700.00;36.00;12.91;11.48
1701.00;36.00;13.27;11.48
1702.00;36.00;13.22;11.48
1703.00;36.00;13.01;11.48
1704.00;35.00;12.85;11.47
1705.00;35.00;13.00;11.47
1706.00;35.00;12.10;11.47
1707.00;35.00;11.98;11.47
1708.00;36.00;11.59;11.47
1709.00;36.00;11.87;11.47
1710.00;36.00;11.71;11.47
1711.00;36.00;11.91;11.47
1712.00;35.00;11.78;11.47
1713.00;35.00;11.33;11.49
1714.00;35.00;11.29;11.49
1715.00;35.00;11.21;11.49
1716.00;36.00;10.73;11.49
1717.00;36.00;10.68;11.49
1718.00;37.00;10.50;11.49
1719.00;40.00;9.52;11.49
1720.00;42.00;9.17;11.49
1721.00;42.00;9.28;11.49
1722.00;42.00;9.54;11.49
1723.00;43.00;9.52;11.49
1724.00;43.00;9.70;11.49
1725.00;45.00;9.59;11.49
1726.00;45.00;9.83;11.49
1727.00;45.00;10.44;11.49
1728.00;46.00;10.65;11.49
1729.00;46.00;11.05;11.49
1730.00;46.00;11.30;11.49
1731.00;46.00;11.43;11.49
1732.00;46.00;11.66;11.49
1733.00;45.00;11.13;11.50
1734.00;44.00;10.72;11.49
1735.00;44.00;10.59;11.49
1736.00;44.00;10.20;11.49
1737.00;45.00;9.80;11.49
1738.00;45.00;9.62;11.49
1739.00;45.00;9.39;11.49
1740.00;46.00;8.71;11.50
1741.00;46.00;8.72;11.50
1742.00;45.00;9.09;11.50
1743.00;44.00;9.25;11.50
1744.00;44.00;9.62;11.50
1745.00;44.00;10.09;11.50
1746.00;44.00;10.60;11.50
1747.00;44.00;11.17;11.50
1748.00;44.00;11.28;11.49
1749.00;43.00;11.82;11.50
1750.00;43.00;12.04;11.50
1751.00;43.00;11.64;11.49
1752.00;43.00;11.05;11.49
1753.00;44.00;10.51;11.49
1754.00;44.00;10.13;11.49
1755.00;45.00;10.23;11.49
1756.00;46.00;10.26;11.49
1757.00;46.00;10.18;11.49
1758.00;46.00;10.33;11.49
1759.00;46.00;10.82;11.49
1760.00;46.00;10.71;11.49
1761.00;46.00;10.55;11.49
1762.00;46.00;10.85;11.49
1763.00;46.00;10.91;11.49
1764.00;47.00;10.79;11.49
1765.00;47.00;11.07;11.49
1766.00;47.00;11.12;11.49
1767.00;48.00;11.23;11.49
1768.00;47.00;11.69;11.49
1769.00;48.00;11.66;11.49
1770.00;49.00;11.70;11.49
1771.00;49.00;11.79;11.49
1772.00;49.00;11.53;11.49
1773.00;48.00;11.69;11.49
1774.00;47.00;12.05;11.49
1775.00;47.00;12.29;11.49
1776.00;47.00;12.04;11.49
1777.00;46.00;11.25;11.49
1778.00;46.00;10.59;11.49
1779.00;47.00;9.53;11.49
1780.00;47.00;9.28;11.49
1781.00;47.00;9.68;11.49
1782.00;46.00;10.00;11.49
1783.00;47.00;10.04;11.49
1784.00;47.00;10.27;11.49
1785.00;47.0