id,start_time,origin,destination,kind
0,5,0,0,Human
1,5,1,1,Human
2,11,2,2,Human
3,11,0,3,Human
4,11,3,3,Human
5,12,4,3,Human
6,13,4,4,Human
7,15,4,3,Human
8,17,4,3,Human
9,25,5,2,Human
10,26,4,3,Human
11,28,4,3,Human
12,30,0,3,Human
13,31,6,5,Human
14,33,1,1,Human
15,37,4,3,Human
16,39,7,6,Human
17,55,8,7,Human
18,56,9,8,Human
19,57,8,9,Human
20,57,4,3,Human
21,58,10,5,Human
22,60,11,4,Human
23,61,7,9,Human
24,69,12,10,Human
25,72,11,3,Human
26,72,13,11,Human
27,73,11,3,Human
28,75,11,3,Human
29,77,11,2,Human
30,77,4,3,Human
31,79,11,3,Human
32,80,0,12,Human
33,81,4,3,Human
34,82,13,4,Human
35,82,14,3,Human
36,82,11,3,Human
37,82,0,2,Human
38,83,4,3,Human
39,86,4,3,Human
40,88,0,3,Human
41,89,11,3,Human
42,91,11,3,Human
43,92,11,2,Human
44,93,4,3,Human
45,94,11,3,Human
46,96,11,13,Human
47,101,15,1,Human
48,101,4,4,Human
49,105,4,3,Human
50,106,16,5,Human
51,109,4,3,Human
52,112,0,12,Human
53,119,17,5,Human
54,125,7,10,Human
55,127,18,2,Human
56,128,7,4,Human
57,129,1,1,Human
58,131,7,10,Human
59,132,1,1,Human
60,133,4,3,Human
61,134,1,1,Human
62,135,16,5,Human
63,136,7,10,Human
64,136,1,1,Human
65,139,7,9,Human
66,140,19,12,Human
67,141,20,3,Human
68,141,7,4,Human
69,142,8,9,Human
70,149,13,14,Human
71,149,8,9,Human
72,150,8,15,Human
73,152,4,16,Human
74,154,4,3,Human
75,154,13,4,Human
76,155,4,3,Human
77,158,21,17,Human
78,160,22,9,Human
79,160,4,18,Human
80,164,11,3,Human
81,166,11,3,Human
82,167,23,2,Human
83,169,11,3,Human
84,171,11,3,Human
85,172,11,3,Human
86,176,11,4,Human
87,178,11,3,Human
88,179,11,3,Human
89,181,4,3,Human
90,181,11,3,Human
91,181,0,2,Human
92,183,4,3,Human
93,186,4,3,Human
94,188,4,3,Human
95,189,24,19,Human
96,189,4,3,Human
97,191,4,3,Human
98,192,4,3,Human
99,194,1,1,Human
100,195,11,3,Human
101,197,25,10,Human
102,199,4,3,Human
103,201,0,3,Human
104,203,0,12,Human
105,204,4,3,Human
106,204,17,3,Human
107,212,4,3,Human
108,213,4,20,Human
109,220,1,10,Human
110,221,4,20,Human
111,221,26,3,Human
112,223,7,9,Human
113,225,7,4,Human
114,226,4,3,Human
115,226,7,10,Human
116,228,7,9,Human
117,229,17,3,Human
118,230,7,4,Human
119,231,7,10,Human
120,233,7,4,Human
121,233,4,3,Human
122,234,7,10,Human
123,235,0,21,Human
124,236,7,10,Human
125,238,7,9,Human
126,238,8,21,Human
127,240,27,2,Human
128,245,16,10,Human
129,245,4,20,Human
130,245,17,22,Human
131,246,16,10,Human
132,248,11,3,Human
133,248,16,9,Human
134,249,11,3,Human
135,258,4,3,Human
136,260,11,3,Human
137,261,28,9,Human
138,262,0,23,Human
139,264,29,3,Human
140,265,4,24,Human
141,267,11,3,Human
142,267,4,3,Human
143,268,30,25,Human
144,269,4,3,Human
145,269,11,3,Human
146,271,11,26,Human
147,272,11,3,Human
148,280,4,16,Human
149,281,1,1,Human
150,283,11,3,Human
151,285,11,3,Human
152,286,16,12,Human
153,288,16,27,Human
154,289,11,28,Human
155,289,16,9,Human
156,292,8,9,Human
157,292,4,29,Human
158,293,31,2,Human
159,293,4,3,Human
160,295,4,3,Human
161,296,4,3,Human
162,298,4,3,Human
163,299,11,3,Human
164,301,11,3,Human
165,305,16,30,Human
166,305,17,5,Human
167,306,32,9,Human
168,307,33,9,Human
169,308,4,31,Human
170,315,0,3,Human
171,317,0,3,Human
172,320,4,3,Human
173,320,0,3,Human
174,323,8,32,Human
175,323,4,33,Human
176,324,0,16,Human
177,324,4,34,Human
178,326,8,9,Human
179,329,34,10,Human
180,329,8,9,Human
181,330,8,9,Human
182,331,16,10,Human
183,332,17,3,Human
184,335,11,3,Human
185,335,16,12,Human
186,335,21,35,Human
187,336,11,3,Human
188,337,16,9,Human
189,338,16,10,Human
190,339,1,1,Human
191,340,17,36,Human
192,340,11,3,Human
193,342,11,4,Human
194,343,1,10,Human
195,346,1,1,Human
196,347,11,3,Human
197,347,0,2,Human
198,348,13,37,Human
199,351,11,3,Human
200,351,4,3,Human
201,353,11,3,Human
202,354,4,20,Human
203,355,0,2,Human
204,356,4,20,Human
205,357,4,20,Human
206,359,4,20,Human
207,362,4,38,Human
208,366,11,3,Human
209,368,4,20,Human
210,370,35,3,Human
211,374,11,3,Human
212,375,36,20,Human
213,376,0,39,Human
214,377,16,10,Human
215,378,1,10,Human
216,379,11,2,Human
217,380,11,40,Human
218,381,8,9,Human
219,382,11,3,Human
220,382,1,1,Human
221,383,37,41,Human
222,383,8,9,Human
223,384,11,3,Human
224,386,11,3,Human
225,387,11,20,Human
226,389,11,3,Human
227,390,38,10,Human
228,395,4,20,Human
229,396,16,5,Human
230,398,4,4,Human
231,399,11,3,Human
232,399,4,20,Human
233,400,4,20,Human
234,402,4,20,Human
235,403,4,20,Human
236,411,4,20,Human
237,412,4,5,Human
238,413,39,9,Human
239,413,40,20,Human
240,414,41,2,Human
241,414,4,2,Human
242,418,42,20,Human
243,419,11,3,Human
244,423,4,10,Human
245,423,4,20,Human
246,424,16,10,Human
247,427,11,3,Human
248,429,43,20,Human
249,429,11,20,Human
250,434,16,10,Human
251,435,0,3,Human
252,438,11,20,Human
253,446,1,1,Human
254,448,1,1,Human
255,450,17,5,Human
256,450,11,20,Human
257,450,1,42,Human
258,451,11,4,Human
259,452,1,1,Human
260,453,31,2,Human
261,453,11,2,Human
262,455,1,1,Human
263,456,4,20,Human
264,458,4,20,Human
265,459,4,5,Human
266,462,44,20,Human
267,462,21,4,Human
268,464,0,3,Human
269,465,21,43,Human
270,468,43,2,Human
271,474,45,10,Human
272,474,11,4,Human
273,481,16,9,Human
274,481,4,5,Human
275,482,2,2,Human
276,483,16,44,Human
277,484,16,10,Human
278,487,46,3,Human
279,491,1,1,Human
280,495,47,20,Human
281,495,1,1,Human
282,500,1,1,Human
283,500,4,20,Human
284,504,48,3,Human
285,507,49,3,Human
286,508,1,1,Human
287,512,21,4,Human
288,515,50,12,Human
289,515,22,20,Human
290,516,16,45,Human
291,517,16,10,Human
292,521,7,1,Human
293,521,16,46,Human
294,522,7,4,Human
295,524,11,20,Human
296,524,4,5,Human
297,525,17,5,Human
298,528,11,47,Human
299,529,11,5,Human
300,531,51,20,Human
301,533,4,20,Human
302,534,4,5,Human
303,536,4,5,Human
304,537,11,20,Human
305,541,17,5,Human
306,546,11,20,Human
307,547,11,20,Human
308,548,17,5,Human
309,549,11,5,Human
310,551,11,5,Human
311,552,4,5,Human
312,555,52,20,Human
313,562,0,2,Human
314,563,0,3,Human
315,564,0,3,Human
316,565,0,2,Human
317,572,0,3,Human
318,573,11,20,Human
319,578,8,48,Human
320,579,36,16,Human
321,588,39,9,Human
322,593,8,49,Human
323,593,4,50,Human
324,599,4,5,Human
325,600,17,5,Human
326,603,16,10,Human
327,606,16,5,Human
328,607,7,10,Human
329,610,7,9,Human
330,611,7,10,Human
331,613,7,9,Human
332,614,7,10,Human
333,615,0,51,Human
334,616,7,10,Human
335,616,53,52,Human
336,618,7,9,Human
337,622,54,1,Human
338,634,11,20,Human
339,637,11,4,Human
340,645,55,20,Human
341,645,17,5,Human
342,652,56,10,Human
343,653,57,15,Human
344,667,0,53,Human
345,667,7,10,Human
346,670,0,2,Human
347,673,24,54,Human
348,674,58,3,Human
349,675,7,10,Human
350,676,4,40,Human
351,676,8,10,Human
352,676,7,10,Human
353,678,7,9,Human
354,679,0,3,Human
355,680,7,55,Human
356,680,13,56,Human
357,680,0,3,Human
358,680,0,3,Human
359,681,8,10,Human
360,682,1,57,Human
361,684,7,10,Human
362,686,59,10,Human
363,686,7,10,Human
364,686,17,5,Human
365,688,7,4,Human
366,691,7,9,Human
367,692,7,58,Human
368,693,47,2,Human
369,694,60,5,Human
370,694,7,10,Human
371,695,22,9,Human
372,696,7,9,Human
373,697,7,9,Human
374,699,7,9,Human
375,706,0,3,Human
376,707,7,9,Human
377,710,7,10,Human
378,711,7,10,Human
379,714,17,5,Human
380,715,61,2,Human
381,721,62,2,Human
382,726,11,3,Human
383,726,63,5,Human
384,729,64,1,Human
385,729,0,59,Human
386,732,11,3,Human
387,733,65,2,Human
388,736,66,1,Human
389,738,16,12,Human
390,741,4,5,Human
391,746,67,5,Human
392,751,68,2,Human
393,752,69,12,Human
394,752,70,3,Human
395,752,16,5,Human
396,761,32,5,Human
397,767,17,5,Human
398,769,7,4,Human
399,770,7,9,Human
400,772,7,4,Human
401,774,7,9,Human
402,775,0,5,Human
403,775,4,4,Human
404,775,7,4,Human
405,776,0,2,Human
406,777,7,10,Human
407,778,0,3,Human
408,779,7,9,Human
409,779,11,60,Human
410,780,0,5,Human
411,780,7,9,Human
412,780,1,10,Human
413,782,1,4,Human
414,782,7,4,Human
415,783,4,4,Human
416,784,7,10,Human
417,786,7,4,Human
418,787,0,23,Human
419,788,7,10,Human
420,789,11,3,Human
421,794,0,2,Human
422,794,0,5,Human
423,794,11,3,Human
424,796,0,5,Human
425,797,0,3,Human
426,798,8,16,Human
427,801,0,5,Human
428,802,0,5,Human
429,803,0,5,Human
430,803,1,1,Human
431,804,0,5,Human
432,805,0,3,Human
433,807,0,5,Human
434,807,0,5,Human
435,811,0,2,Human
436,814,1,10,Human
437,815,1,1,Human
438,816,17,5,Human
439,816,71,2,Human
440,817,1,1,Human
441,818,17,5,Human
442,818,0,2,Human
443,820,4,20,Human
444,822,1,10,Human
445,822,0,61,Human
446,824,0,62,Human
447,832,72,20,Human
448,833,73,2,Human
449,840,8,63,Human
450,851,17,5,Human
451,851,64,64,Human
452,852,4,20,Human
453,853,4,4,Human
454,856,8,65,Human
455,859,4,3,Human
456,860,1,1,Human
457,861,17,5,Human
458,861,13,39,Human
459,861,7,9,Human
460,862,74,10,Human
461,862,1,10,Human
462,864,1,10,Human
463,866,1,1,Human
464,869,75,1,Human
465,870,7,1,Human
466,870,1,1,Human
467,873,7,66,Human
468,874,21,39,Human
469,875,4,2,Human
470,876,1,1,Human
471,877,4,4,Human
472,878,4,12,Human
473,884,67,67,Human
474,887,17,5,Human
475,887,1,10,Human
476,889,8,68,Human
477,890,1,10,Human
478,892,1,1,Human
479,894,8,0,Human
480,894,1,1,Human
481,895,0,4,Human
482,895,11,69,Human
483,896,8,70,Human
484,896,1,1,Human
485,897,0,5,Human
486,898,4,5,Human
487,898,0,5,Human
488,899,76,20,Human
489,899,1,1,Human
490,900,4,5,Human
491,901,77,10,Human
492,901,0,52,Human
493,902,0,12,Human
494,903,0,5,Human
495,904,0,2,Human
496,905,0,2,Human
497,905,4,5,Human
498,907,4,5,Human
499,907,0,2,Human
500,908,4,5,Human
501,911,0,5,Human
502,911,0,3,Human
503,912,1,10,Human
504,913,0,5,Human
505,918,1,1,Human
506,920,0,5,Human
507,921,16,71,Human
508,922,0,3,Human
509,923,0,5,Human
510,923,0,72,Human
511,925,0,12,Human
512,930,0,5,Human
513,931,78,5,Human
514,931,24,10,Human
515,932,0,3,Human
516,938,1,73,Human
517,942,79,1,Human
518,942,80,3,Human
519,944,81,2,Human
520,948,1,1,Human
521,953,1,74,Human
522,955,1,10,Human
523,957,1,10,Human
524,957,4,5,Human
525,959,1,75,Human
526,964,1,1,Human
527,966,1,1,Human
528,968,1,1,Human
529,969,4,5,Human
530,970,1,1,Human
531,973,11,3,Human
532,973,1,1,Human
533,974,0,2,Human
534,976,82,1,Human
535,978,11,3,Human
536,981,55,5,Human
537,984,4,5,Human
538,984,11,2,Human
539,989,0,3,Human
540,990,11,5,Human
541,994,11,3,Human
542,999,11,4,Human
543,1000,1,10,Human
544,1000,11,5,Human
545,1002,4,5,Human
546,1002,11,5,Human
547,1002,1,1,Human
548,1003,83,1,Human
549,1004,1,10,Human
550,1004,11,5,Human
551,1005,11,5,Human
552,1007,11,5,Human
553,1007,0,2,Human
554,1009,0,2,Human
555,1010,11,55,Human
556,1011,0,2,Human
557,1014,17,3,Human
558,1016,4,76,Human
559,1019,84,1,Human
560,1020,0,77,Human
561,1024,16,5,Human
562,1029,11,2,Human
563,1033,4,52,Human
564,1039,1,10,Human
565,1041,1,10,Human
566,1044,1,1,Human
567,1046,1,1,Human
568,1047,4,5,Human
569,1048,1,10,Human
570,1050,8,78,Human
571,1052,4,5,Human
572,1054,85,2,Human
573,1055,1,1,Human
574,1055,11,5,Human
575,1056,1,10,Human
576,1058,1,1,Human
577,1060,21,79,Human
578,1061,86,3,Human
579,1062,1,10,Human
580,1062,21,80,Human
581,1064,1,1,Human
582,1064,7,1,Human
583,1065,1,81,Human
584,1066,11,5,Human
585,1070,0,3,Human
586,1070,7,1,Human
587,1071,51,3,Human
588,1075,13,82,Human
589,1075,17,16,Human
590,1078,4,5,Human
591,1078,13,4,Human
592,1080,4,5,Human
593,1081,4,12,Human
594,1084,4,2,Human
595,1085,4,3,Human
596,1090,87,5,Human
597,1090,17,5,Human
598,1091,88,5,Human
599,1092,4,3,Human
600,1092,11,3,Human
601,1095,11,83,Human
602,1098,11,3,Human
603,1100,11,3,Human
604,1105,1,10,Human
605,1107,89,2,Human
606,1107,1,1,Human
607,1109,90,9,Human
608,1110,17,5,Human
609,1113,16,30,Human
610,1117,91,1,Human
611,1118,4,3,Human
612,1119,92,2,Human
613,1121,4,3,Human
614,1123,4,3,Human
615,1124,0,2,Human
616,1124,4,84,Human
617,1126,4,85,Human
618,1128,0,3,Human
619,1131,17,20,Human
620,1132,11,3,Human
621,1133,17,86,Human
622,1139,93,2,Human
623,1140,4,2,Human
624,1140,27,2,Human
625,1140,16,87,Human
626,1144,11,3,Human
627,1152,94,3,Human
628,1152,4,3,Human
629,1155,4,3,Human
630,1157,16,9,Human
631,1158,0,12,Human
632,1158,4,3,Human
633,1158,16,9,Human
634,1158,11,3,Human
635,1163,95,1,Human
636,1164,4,88,Human
637,1164,0,3,Human
638,1167,96,3,Human
639,1167,51,3,Human
640,1173,97,3,Human
641,1173,53,9,Human
642,1173,4,3,Human
643,1173,11,4,Human
644,1175,11,2,Human
645,1176,4,3,Human
646,1177,4,76,Human
647,1179,11,2,Human
648,1182,0,3,Human
649,1192,4,3,Human
650,1194,11,3,Human
651,1197,17,3,Human
652,1198,17,3,Human
653,1202,11,2,Human
654,1207,98,9,Human
655,1208,64,20,Human
656,1211,4,3,Human
657,1212,7,9,Human
658,1212,11,65,Human
659,1214,7,9,Human
660,1215,7,9,Human
661,1217,7,1,Human
662,1218,7,10,Human
663,1220,7,9,Human
664,1220,4,12,Human
665,1221,6,5,Human
666,1223,7,9,Human
667,1225,7,9,Human
668,1225,8,89,Human
669,1226,7,10,Human
670,1229,4,3,Human
671,1230,7,9,Human
672,1231,7,90,Human
673,1232,4,3,Human
674,1233,7,4,Human
675,1235,7,91,Human
676,1236,4,3,Human
677,1237,4,3,Human
678,1239,11,3,Human
679,1241,0,12,Human
680,1243,99,10,Human
681,1243,100,10,Human
682,1244,49,3,Human
683,1244,7,10,Human
684,1244,11,3,Human
685,1244,16,9,Human
686,1245,24,10,Human
687,1245,11,3,Human
688,1246,7,10,Human
689,1247,7,9,Human
690,1250,0,92,Human
691,1258,0,2,Human
692,1258,0,2,Human
693,1259,0,2,Human
694,1259,0,93,Human
695,1263,11,2,Human
696,1265,4,3,Human
697,1269,0,3,Human
698,1273,4,3,Human
699,1275,4,3,Human
700,1278,0,3,Human
701,1283,11,3,Human
702,1285,11,3,Human
703,1286,4,20,Human
704,1287,101,22,Human
705,1290,1,1,Human
706,1291,16,94,Human
707,1294,16,3,Human
708,1298,4,20,Human
709,1298,7,4,Human
710,1300,7,77,Human
711,1301,11,3,Human
712,1303,4,20,Human
713,1304,7,10,Human
714,1306,7,9,Human
715,1307,16,18,Human
716,1307,7,9,Human
717,1309,11,4,Human
718,1309,7,4,Human
719,1310,4,89,Human
720,1311,64,10,Human
721,1314,8,95,Human
722,1314,11,2,Human
723,1315,7,10,Human
724,1316,8,2,Human
725,1316,7,10,Human
726,1317,11,2,Human
727,1318,7,9,Human
728,1318,11,3,Human
729,1320,8,96,Human
730,1320,7,9,Human
731,1323,11,3,Human
732,1323,7,9,Human
733,1325,17,3,Human
734,1326,7,9,Human
735,1328,11,3,Human
736,1330,7,10,Human
737,1331,17,5,Human
738,1332,7,9,Human
739,1335,7,9,Human
740,1336,16,10,Human
741,1337,11,3,Human
742,1337,7,10,Human
743,1338,102,3,Human
744,1338,4,20,Human
745,1339,7,9,Human
746,1340,7,9,Human
747,1341,4,20,Human
748,1346,17,5,Human
749,1348,4,20,Human
750,1349,73,5,Human
751,1349,17,5,Human
752,1354,103,9,Human
753,1355,17,5,Human
754,1359,17,16,Human
755,1361,0,3,Human
756,1365,104,5,Human
757,1366,10,5,Human
758,1375,8,10,Human
759,1376,4,20,Human
760,1376,8,9,Human
761,1377,16,4,Human
762,1378,8,2,Human
763,1379,0,0,Human
764,1380,8,97,Human
765,1380,4,20,Human
766,1381,8,10,Human
767,1381,0,98,Human
768,1381,11,20,Human
769,1382,8,9,Human
770,1382,8,9,Human
771,1383,11,20,Human
772,1385,7,9,Human
773,1385,0,2,Human
774,1386,0,2,Human
775,1388,11,20,Human
776,1388,0,3,Human
777,1388,7,9,Human
778,1389,4,4,Human
779,1390,0,3,Human
780,1391,7,10,Human
781,1393,4,55,Human
782,1397,7,10,Human
783,1397,8,9,Human
784,1398,7,9,Human
785,1401,17,3,Human
786,1403,8,10,Human
787,1403,7,10,Human
788,1404,8,99,Human
789,1404,0,2,Human
790,1405,7,10,Human
791,1408,8,9,Human
792,1409,7,10,Human
793,1409,105,1,Human
794,1410,7,10,Human
795,1412,106,5,Human
796,1412,8,2,Human
797,1412,7,9,Human
798,1414,7,9,Human
799,1414,11,20,Human
800,1415,50,9,Human
801,1415,7,9,Human
802,1416,16,9,Human
803,1417,11,2,Human
804,1417,7,10,Human
805,1419,7,9,Human
806,1419,107,20,Human
807,1420,4,20,Human
808,1421,7,9,Human
809,1421,11,20,Human
810,1422,7,100,Human
811,1424,7,10,Human
812,1425,16,4,Human
813,1426,7,9,Human
814,1426,11,20,Human
815,1428,108,4,Human
816,1428,7,9,Human
817,1430,11,20,Human
818,1431,4,20,Human
819,1431,49,2,Human
820,1434,4,20,Human
821,1435,1,10,Human
822,1436,11,20,Human
823,1436,1,1,Human
824,1437,11,20,Human
825,1442,17,5,Human
826,1442,11,2,Human
827,1444,11,20,Human
828,1444,1,1,Human
829,1446,1,1,Human
830,1447,11,20,Human
831,1450,11,20,Human
832,1453,11,2,Human
833,1454,4,20,Human
834,1455,4,20,Human
835,1456,11,20,Human
836,1457,4,20,Human
837,1458,11,4,Human
838,1463,1,10,Human
839,1464,8,9,Human
840,1465,11,20,Human
841,1466,8,10,Human
842,1467,8,10,Human
843,1468,8,10,Human
844,1469,11,20,Human
845,1470,8,9,Human
846,1470,11,20,Human
847,1470,1,1,Human
848,1473,19,3,Human
849,1474,0,3,Human
850,1475,0,2,Human
851,1476,1,1,Human
852,1478,0,2,Human
853,1480,0,3,Human
854,1481,49,9,Human
855,1482,109,20,Human
856,1487,8,9,Human
857,1487,7,10,Human
858,1488,0,101,Human
859,1489,32,2,Human
860,1490,0,2,Human
861,1491,7,10,Human
862,1492,0,102,Human
863,1492,0,2,Human
864,1496,1,1,Human
865,1497,0,12,Human
866,1498,8,9,Human
867,1500,110,10,Human
868,1501,7,10,Human
869,1501,17,5,Human
870,1503,7,10,Human
871,1503,16,10,Human
872,1505,17,5,Human
873,1506,17,5,Human
874,1517,11,20,Human
875,1517,37,81,Human
876,1518,1,1,Human
877,1519,1,10,Human
878,1520,4,20,Human
879,1521,11,20,Human
880,1521,1,10,Human
881,1523,11,20,Human
882,1523,1,1,Human
883,1526,11,20,Human
884,1528,11,2,Human
885,1531,4,20,Human
886,1535,4,20,Human
887,1536,4,3,Human
888,1538,4,3,Human
889,1539,11,5,Human
890,1539,4,3,Human
891,1543,4,3,Human
892,1545,77,3,Human
893,1545,17,5,Human
894,1546,4,3,Human
895,1548,4,3,Human
896,1548,1,1,Human
897,1549,24,1,Human
898,1549,4,2,Human
899,1550,57,20,Human
900,1555,68,10,Human
901,1557,8,10,Human
902,1558,111,3,Human
903,1558,4,3,Human
904,1559,4,2,Human
905,1561,112,10,Human
906,1562,4,3,Human
907,1563,47,3,Human
908,1564,4,3,Human
909,1566,4,3,Human
910,1574,0,2,Human
911,1578,1,1,Human
912,1580,1,1,Human
913,1580,13,4,Human
914,1582,4,3,Human
915,1583,113,10,Human
916,1584,114,3,Human
917,1585,4,2,Human
918,1586,4,3,Human
919,1589,42,9,Human
920,1589,4,90,Human
921,1591,115,2,Human
922,1591,0,2,Human
923,1591,16,4,Human
924,1592,16,9,Human
925,1594,0,2,Human
926,1594,16,9,Human
927,1596,4,3,Human
928,1596,16,9,Human
929,1599,17,5,Human
930,1601,16,9,Human
931,1602,16,103,Human
932,1604,116,10,Human
933,1604,16,4,Human
934,1604,11,3,Human
935,1606,11,20,Human
936,1607,8,2,Human
937,1607,4,3,Human
938,1608,117,3,Human
939,1608,11,20,Human
940,1609,11,3,Human
941,1611,11,20,Human
942,1613,11,3,Human
943,1614,11,3,Human
944,1615,1,1,Human
945,1616,11,3,Human
946,1616,1,1,Human
947,1618,11,3,Human
948,1618,4,3,Human
949,1619,11,3,Human
950,1621,1,1,Human
951,1621,0,2,Human
952,1621,4,3,Human
953,1622,118,10,Human
954,1622,0,3,Human
955,1624,119,1,Human
956,1626,0,3,Human
957,1631,1,1,Human
958,1632,4,4,Human
959,1641,98,2,Human
960,1642,21,10,Human
961,1644,21,9,Human
962,1648,4,104,Human
963,1649,1,1,Human
964,1650,21,10,Human
965,1652,21,9,Human
966,1654,4,2,Human
967,1654,21,10,Human
968,1654,17,5,Human
969,1656,21,4,Human
970,1657,4,3,Human
971,1662,8,98,Human
972,1664,120,3,Human
973,1665,17,16,Human
974,1667,121,105,Human
975,1671,11,4,Human
976,1673,4,3,Human
977,1676,53,3,Human
978,1677,4,3,Human
979,1679,17,5,Human
980,1681,122,106,Human
981,1682,0,2,Human
982,1682,8,2,Human
983,1682,16,71,Human
984,1684,123,2,Human
985,1684,16,10,Human
986,1688,11,3,Human
987,1689,16,107,Human
988,1690,124,10,Human
989,1694,125,3,Human
990,1694,1,1,Human
991,1695,21,21,Human
992,1697,1,1,Human
993,1699,21,10,Human
994,1701,21,10,Human
995,1702,16,10,Human
996,1703,21,9,Human
997,1709,0,2,Human
998,1709,0,3,Human
999,1710,40,9,Human
1000,1710,0,2,Human
1001,1712,126,108,Human
1002,1714,45,4,Human
1003,1717,123,2,Human
1004,1720,1,1,Human
1005,1727,127,10,Human
1006,1727,4,3,Human
1007,1732,4,3,Human
1008,1740,0,3,Human
1009,1743,128,9,Human
1010,1744,17,5,Human
1011,1745,4,3,Human
1012,1748,4,3,Human
1013,1749,4,3,Human
1014,1753,129,10,Human
1015,1753,4,3,Human
1016,1754,4,3,Human
1017,1755,16,5,Human
1018,1756,130,3,Human
1019,1757,4,3,Human
1020,1760,17,5,Human
1021,1767,11,4,Human
1022,1768,11,3,Human
1023,1772,16,55,Human
1024,1776,16,109,Human
1025,1776,4,20,Human
1026,1777,4,20,Human
1027,1778,11,3,Human
1028,1780,11,4,Human
1029,1786,11,3,Human
1030,1790,131,5,Human
1031,1790,17,108,Human
1032,1791,13,2,Human
1033,1795,0,3,Human
1034,1798,43,9,Human
1035,0,0,0,Human
1036,1,1,1,Human
1037,10,2,2,Human
1038,6,0,3,Human
1039,11,3,3,Human
1040,13,4,3,Human
1041,15,4,4,Human
1042,20,4,3,Human
1043,19,4,3,Human
1044,26,5,2,Human
1045,27,4,3,Human
1046,30,4,3,Human
1047,34,0,3,Human
1048,34,6,5,Human
1049,29,1,1,Human
1050,36,4,3,Human
1051,40,7,6,Human
1052,60,8,7,Human
1053,53,9,8,Human
1054,59,8,9,Human
1055,62,4,3,Human
1056,56,10,5,Human
1057,60,11,4,Human
1058,66,7,9,Human
1059,64,12,10,Human
1060,67,11,3,Human
1061,73,13,11,Human
1062,74,11,3,Human
1063,74,11,3,Human
1064,79,11,2,Human
1065,79,4,3,Human
1066,77,11,3,Human
1067,80,0,12,Human
1068,79,4,3,Human
1069,79,13,4,Human
1070,82,14,3,Human
1071,87,11,3,Human
1072,87,0,2,Human
1073,79,4,3,Human
1074,81,4,3,Human
1075,92,0,3,Human
1076,91,11,3,Human
1077,86,11,3,Human
1078,94,11,2,Human
1079,97,4,3,Human
1080,93,11,3,Human
1081,95,11,13,Human
1082,104,15,1,Human
1083,104,4,4,Human
1084,102,4,3,Human
1085,103,16,5,Human
1086,113,4,3,Human
1087,107,0,12,Human
1088,118,17,5,Human
1089,120,7,10,Human
1090,122,18,2,Human
1091,133,7,4,Human
1092,134,1,1,Human
1093,134,7,10,Human
1094,130,1,1,Human
1095,133,4,3,Human
1096,132,1,1,Human
1097,135,16,5,Human
1098,133,7,10,Human
1099,138,1,1,Human
1100,142,7,9,Human
1101,144,19,12,Human
1102,145,20,3,Human
1103,144,7,4,Human
1104,142,8,9,Human
1105,145,13,14,Human
1106,149,8,9,Human
1107,152,8,15,Human
1108,152,4,16,Human
1109,152,4,3,Human
1110,152,13,4,Human
1111,151,4,3,Human
1112,159,21,17,Human
1113,156,22,9,Human
1114,163,4,18,Human
1115,167,11,3,Human
1116,163,11,3,Human
1117,167,23,2,Human
1118,169,11,3,Human
1119,167,11,3,Human
1120,175,11,3,Human
1121,178,11,4,Human
1122,183,11,3,Human
1123,181,11,3,Human
1124,178,4,3,Human
1125,183,11,3,Human
1126,181,0,2,Human
1127,179,4,3,Human
1128,190,4,3,Human
1129,186,4,3,Human
1130,189,24,19,Human
1131,186,4,3,Human
1132,189,4,3,Human
1133,189,4,3,Human
1134,197,1,1,Human
1135,192,11,3,Human
1136,201,25,10,Human
1137,195,4,3,Human
1138,206,0,3,Human
1139,208,0,12,Human
1140,203,4,3,Human
1141,199,17,3,Human
1142,210,4,3,Human
1143,212,4,20,Human
1144,219,1,10,Human
1145,217,4,20,Human
1146,219,26,3,Human
1147,225,7,9,Human
1148,225,7,4,Human
1149,229,4,3,Human
1150,222,7,10,Human
1151,223,7,9,Human
1152,230,17,3,Human
1153,234,7,4,Human
1154,234,7,10,Human
1155,228,7,4,Human
1156,231,4,3,Human
1157,234,7,10,Human
1158,237,0,21,Human
1159,238,7,10,Human
1160,240,7,9,Human
1161,235,8,21,Human
1162,238,27,2,Human
1163,241,16,10,Human
1164,241,4,20,Human
1165,245,17,22,Human
1166,241,16,10,Human
1167,245,11,3,Human
1168,246,16,9,Human
1169,249,11,3,Human
1170,262,4,3,Human
1171,264,11,3,Human
1172,258,28,9,Human
1173,261,0,23,Human
1174,259,29,3,Human
1175,264,4,24,Human
1176,268,11,3,Human
1177,264,4,3,Human
1178,268,30,25,Human
1179,265,4,3,Human
1180,269,11,3,Human
1181,269,11,26,Human
1182,271,11,3,Human
1183,277,4,16,Human
1184,279,1,1,Human
1185,285,11,3,Human
1186,287,11,3,Human
1187,286,16,12,Human
1188,285,16,27,Human
1189,287,11,28,Human
1190,288,16,9,Human
1191,291,8,9,Human
1192,297,4,29,Human
1193,288,31,2,Human
1194,291,4,3,Human
1195,297,4,3,Human
1196,291,4,3,Human
1197,301,4,3,Human
1198,295,11,3,Human
1199,303,11,3,Human
1200,309,16,30,Human
1201,310,17,5,Human
1202,303,32,9,Human
1203,310,33,9,Human
1204,304,4,31,Human
1205,318,0,3,Human
1206,321,0,3,Human
1207,320,4,3,Human
1208,319,0,3,Human
1209,325,8,32,Human
1210,319,4,33,Human
1211,320,0,16,Human
1212,322,4,34,Human
1213,326,8,9,Human
1214,324,34,10,Human
1215,330,8,9,Human
1216,333,8,9,Human
1217,331,16,10,Human
1218,335,17,3,Human
1219,338,11,3,Human
1220,332,16,12,Human
1221,339,21,35,Human
1222,341,11,3,Human
1223,332,16,9,Human
1224,339,16,10,Human
1225,338,1,1,Human
1226,342,17,36,Human
1227,345,11,3,Human
1228,339,11,4,Human
1229,344,1,10,Human
1230,343,1,1,Human
1231,346,11,3,Human
1232,351,0,2,Human
1233,345,13,37,Human
1234,352,11,3,Human
1235,350,4,3,Human
1236,349,11,3,Human
1237,357,4,20,Human
1238,357,0,2,Human
1239,360,4,20,Human
1240,355,4,20,Human
1241,357,4,20,Human
1242,366,4,38,Human
1243,362,11,3,Human
1244,367,4,20,Human
1245,369,35,3,Human
1246,376,11,3,Human
1247,375,36,20,Human
1248,378,0,39,Human
1249,374,16,10,Human
1250,377,1,10,Human
1251,381,11,2,Human
1252,385,11,40,Human
1253,377,8,9,Human
1254,384,11,3,Human
1255,383,1,1,Human
1256,383,37,41,Human
1257,383,8,9,Human
1258,389,11,3,Human
1259,387,11,3,Human
1260,382,11,20,Human
1261,390,11,3,Human
1262,387,38,10,Human
1263,398,4,20,Human
1264,393,16,5,Human
1265,398,4,4,Human
1266,396,11,3,Human
1267,394,4,20,Human
1268,396,4,20,Human
1269,397,4,20,Human
1270,406,4,20,Human
1271,416,4,20,Human
1272,411,4,5,Human
1273,411,39,9,Human
1274,416,40,20,Human
1275,410,41,2,Human
1276,414,4,2,Human
1277,421,42,20,Human
1278,414,11,3,Human
1279,427,4,10,Human
1280,427,4,20,Human
1281,419,16,10,Human
1282,424,11,3,Human
1283,426,43,20,Human
1284,429,11,20,Human
1285,439,16,10,Human
1286,431,0,3,Human
1287,439,11,20,Human
1288,445,1,1,Human
1289,451,1,1,Human
1290,447,17,5,Human
1291,445,11,20,Human
1292,445,1,42,Human
1293,453,11,4,Human
1294,456,1,1,Human
1295,453,31,2,Human
1296,451,11,2,Human
1297,454,1,1,Human
1298,460,4,20,Human
1299,456,4,20,Human
1300,454,4,5,Human
1301,463,44,20,Human
1302,465,21,4,Human
1303,467,0,3,Human
1304,462,21,43,Human
1305,467,43,2,Human
1306,474,45,10,Human
1307,475,11,4,Human
1308,484,16,9,Human
1309,482,4,5,Human
1310,487,2,2,Human
1311,479,16,44,Human
1312,485,16,10,Human
1313,492,46,3,Human
1314,486,1,1,Human
1315,492,47,20,Human
1316,494,1,1,Human
1317,501,1,1,Human
1318,495,4,20,Human
1319,509,48,3,Human
1320,505,49,3,Human
1321,508,1,1,Human
1322,507,21,4,Human
1323,512,50,12,Human
1324,512,22,20,Human
1325,518,16,45,Human
1326,515,16,10,Human
1327,521,7,1,Human
1328,524,16,46,Human
1329,517,7,4,Human
1330,523,11,20,Human
1331,526,4,5,Human
1332,528,17,5,Human
1333,524,11,47,Human
1334,530,11,5,Human
1335,530,51,20,Human
1336,537,4,20,Human
1337,529,4,5,Human
1338,540,4,5,Human
1339,533,11,20,Human
1340,536,17,5,Human
1341,551,11,20,Human
1342,551,11,20,Human
1343,548,17,5,Human
1344,554,11,5,Human
1345,556,11,5,Human
1346,554,4,5,Human
1347,556,52,20,Human
1348,560,0,2,Human
1349,561,0,3,Human
1350,568,0,3,Human
1351,566,0,2,Human
1352,571,0,3,Human
1353,574,11,20,Human
1354,576,8,48,Human
1355,574,36,16,Human
1356,590,39,9,Human
1357,594,8,49,Human
1358,591,4,50,Human
1359,599,4,5,Human
1360,601,17,5,Human
1361,602,16,10,Human
1362,601,16,5,Human
1363,603,7,10,Human
1364,615,7,9,Human
1365,606,7,10,Human
1366,608,7,9,Human
1367,616,7,10,Human
1368,615,0,51,Human
1369,614,7,10,Human
1370,612,53,52,Human
1371,617,7,9,Human
1372,623,54,1,Human
1373,630,11,20,Human
1374,641,11,4,Human
1375,644,55,20,Human
1376,642,17,5,Human
1377,656,56,10,Human
1378,654,57,15,Human
1379,663,0,53,Human
1380,663,7,10,Human
1381,672,0,2,Human
1382,677,24,54,Human
1383,673,58,3,Human
1384,673,7,10,Human
1385,676,4,40,Human
1386,671,8,10,Human
1387,679,7,10,Human
1388,679,7,9,Human
1389,684,0,3,Human
1390,676,7,55,Human
1391,679,13,56,Human
1392,683,0,3,Human
1393,675,0,3,Human
1394,683,8,10,Human
1395,682,1,57,Human
1396,687,7,10,Human
1397,682,59,10,Human
1398,684,7,10,Human
1399,691,17,5,Human
1400,693,7,4,Human
1401,693,7,9,Human
1402,693,7,58,Human
1403,693,47,2,Human
1404,693,60,5,Human
1405,693,7,10,Human
1406,691,22,9,Human
1407,698,7,9,Human
1408,692,7,9,Human
1409,696,7,9,Human
1410,711,0,3,Human
1411,710,7,9,Human
1412,711,7,10,Human
1413,713,7,10,Human
1414,714,17,5,Human
1415,713,61,2,Human
1416,726,62,2,Human
1417,722,11,3,Human
1418,723,63,5,Human
1419,731,64,1,Human
1420,733,0,59,Human
1421,737,11,3,Human
1422,736,65,2,Human
1423,734,66,1,Human
1424,743,16,12,Human
1425,742,4,5,Human
1426,742,67,5,Human
1427,746,68,2,Human
1428,751,69,12,Human
1429,750,70,3,Human
1430,755,16,5,Human
1431,756,32,5,Human
1432,765,17,5,Human
1433,772,7,4,Human
1434,767,7,9,Human
1435,769,7,4,Human
1436,770,7,9,Human
1437,780,0,5,Human
1438,773,4,4,Human
1439,773,7,4,Human
1440,775,0,2,Human
1441,779,7,10,Human
1442,781,0,3,Human
1443,784,7,9,Human
1444,777,11,60,Human
1445,779,0,5,Human
1446,775,7,9,Human
1447,782,1,10,Human
1448,780,1,4,Human
1449,782,7,4,Human
1450,780,4,4,Human
1451,787,7,10,Human
1452,787,7,4,Human
1453,784,0,23,Human
1454,783,7,10,Human
1455,788,11,3,Human
1456,798,0,2,Human
1457,799,0,5,Human
1458,793,11,3,Human
1459,792,0,5,Human
1460,798,0,3,Human
1461,802,8,16,Human
1462,801,0,5,Human
1463,807,0,5,Human
1464,799,0,5,Human
1465,798,1,1,Human
1466,803,0,5,Human
1467,804,0,3,Human
1468,805,0,5,Human
1469,809,0,5,Human
1470,808,0,2,Human
1471,819,1,10,Human
1472,814,1,1,Human
1473,812,17,5,Human
1474,815,71,2,Human
1475,821,1,1,Human
1476,821,17,5,Human
1477,815,0,2,Human
1478,816,4,20,Human
1479,818,1,10,Human
1480,821,0,61,Human
1481,827,0,62,Human
1482,837,72,20,Human
1483,838,73,2,Human
1484,837,8,63,Human
1485,849,17,5,Human
1486,852,64,64,Human
1487,856,4,20,Human
1488,850,4,4,Human
1489,861,8,65,Human
1490,859,4,3,Human
1491,862,1,1,Human
1492,858,17,5,Human
1493,860,13,39,Human
1494,863,7,9,Human
1495,865,74,10,Human
1496,857,1,10,Human
1497,867,1,10,Human
1498,861,1,1,Human
1499,867,75,1,Human
1500,867,7,1,Human
1501,874,1,1,Human
1502,877,7,66,Human
1503,878,21,39,Human
1504,875,4,2,Human
1505,878,1,1,Human
1506,878,4,4,Human
1507,883,4,12,Human
1508,889,67,67,Human
1509,882,17,5,Human
1510,887,1,10,Human
1511,888,8,68,Human
1512,894,1,10,Human
1513,888,1,1,Human
1514,890,8,0,Human
1515,892,1,1,Human
1516,900,0,4,Human
1517,897,11,69,Human
1518,893,8,70,Human
1519,895,1,1,Human
1520,898,0,5,Human
1521,896,4,5,Human
1522,896,0,5,Human
1523,903,76,20,Human
1524,895,1,1,Human
1525,901,4,5,Human
1526,897,77,10,Human
1527,905,0,52,Human
1528,902,0,12,Human
1529,902,0,5,Human
1530,908,0,2,Human
1531,904,0,2,Human
1532,904,4,5,Human
1533,906,4,5,Human
1534,902,0,2,Human
1535,906,4,5,Human
1536,914,0,5,Human
1537,909,0,3,Human
1538,911,1,10,Human
1539,912,0,5,Human
1540,922,1,1,Human
1541,920,0,5,Human
1542,916,16,71,Human
1543,927,0,3,Human
1544,918,0,5,Human
1545,920,0,72,Human
1546,926,0,12,Human
1547,934,0,5,Human
1548,935,78,5,Human
1549,932,24,10,Human
1550,933,0,3,Human
1551,936,1,73,Human
1552,946,79,1,Human
1553,946,80,3,Human
1554,947,81,2,Human
1555,952,1,1,Human
1556,952,1,74,Human
1557,952,1,10,Human
1558,952,1,10,Human
1559,955,4,5,Human
1560,960,1,75,Human
1561,963,1,1,Human
1562,968,1,1,Human
1563,973,1,1,Human
1564,966,4,5,Human
1565,973,1,1,Human
1566,970,11,3,Human
1567,978,1,1,Human
1568,979,0,2,Human
1569,979,82,1,Human
1570,980,11,3,Human
1571,985,55,5,Human
1572,980,4,5,Human
1573,983,11,2,Human
1574,985,0,3,Human
1575,988,11,5,Human
1576,999,11,3,Human
1577,995,11,4,Human
1578,1003,1,10,Human
1579,1000,11,5,Human
1580,1004,4,5,Human
1581,1004,11,5,Human
1582,1004,1,1,Human
1583,1003,83,1,Human
1584,1003,1,10,Human
1585,1003,11,5,Human
1586,1005,11,5,Human
1587,1011,11,5,Human
1588,1005,0,2,Human
1589,1008,0,2,Human
1590,1009,11,55,Human
1591,1008,0,2,Human
1592,1009,17,3,Human
1593,1014,4,76,Human
1594,1024,84,1,Human
1595,1018,0,77,Human
1596,1023,16,5,Human
1597,1028,11,2,Human
1598,1035,4,52,Human
1599,1042,1,10,Human
1600,1046,1,10,Human
1601,1043,1,1,Human
1602,1046,1,1,Human
1603,1045,4,5,Human
1604,1053,1,10,Human
1605,1054,8,78,Human
1606,1056,4,5,Human
1607,1058,85,2,Human
1608,1053,1,1,Human
1609,1051,11,5,Human
1610,1052,1,10,Human
1611,1056,1,1,Human
1612,1064,21,79,Human
1613,1059,86,3,Human
1614,1066,1,10,Human
1615,1066,21,80,Human
1616,1068,1,1,Human
1617,1062,7,1,Human
1618,1063,1,81,Human
1619,1064,11,5,Human
1620,1066,0,3,Human
1621,1070,7,1,Human
1622,1068,51,3,Human
1623,1080,13,82,Human
1624,1070,17,16,Human
1625,1082,4,5,Human
1626,1082,13,4,Human
1627,1076,4,5,Human
1628,1085,4,12,Human
1629,1088,4,2,Human
1630,1080,4,3,Human
1631,1087,87,5,Human
1632,1093,17,5,Human
1633,1094,88,5,Human
1634,1094,4,3,Human
1635,1091,11,3,Human
1636,1093,11,83,Human
1637,1095,11,3,Human
1638,1105,11,3,Human
1639,1107,1,10,Human
1640,1108,89,2,Human
1641,1106,1,1,Human
1642,1110,90,9,Human
1643,1106,17,5,Human
1644,1118,16,30,Human
1645,1113,91,1,Human
1646,1116,4,3,Human
1647,1123,92,2,Human
1648,1120,4,3,Human
1649,1120,4,3,Human
1650,1121,0,2,Human
1651,1121,4,84,Human
1652,1131,4,85,Human
1653,1126,0,3,Human
1654,1128,17,20,Human
1655,1135,11,3,Human
1656,1135,17,86,Human
1657,1139,93,2,Human
1658,1143,4,2,Human
1659,1140,27,2,Human
1660,1136,16,87,Human
1661,1147,11,3,Human
1662,1153,94,3,Human
1663,1156,4,3,Human
1664,1151,4,3,Human
1665,1156,16,9,Human
1666,1154,0,12,Human
1667,1158,4,3,Human
1668,1154,16,9,Human
1669,1162,11,3,Human
1670,1159,95,1,Human
1671,1164,4,88,Human
1672,1167,0,3,Human
1673,1170,96,3,Human
1674,1168,51,3,Human
1675,1172,97,3,Human
1676,1172,53,9,Human
1677,1172,4,3,Human
1678,1171,11,4,Human
1679,1180,11,2,Human
1680,1177,4,3,Human
1681,1176,4,76,Human
1682,1181,11,2,Human
1683,1185,0,3,Human
1684,1189,4,3,Human
1685,1189,11,3,Human
1686,1200,17,3,Human
1687,1196,17,3,Human
1688,1203,11,2,Human
1689,1206,98,9,Human
1690,1211,64,20,Human
1691,1206,4,3,Human
1692,1215,7,9,Human
1693,1211,11,65,Human
1694,1209,7,9,Human
1695,1210,7,9,Human
1696,1214,7,1,Human
1697,1219,7,10,Human
1698,1223,7,9,Human
1699,1217,4,12,Human
1700,1218,6,5,Human
1701,1220,7,9,Human
1702,1228,7,9,Human
1703,1220,8,89,Human
1704,1228,7,10,Human
1705,1226,4,3,Human
1706,1227,7,9,Human
1707,1226,7,90,Human
1708,1229,4,3,Human
1709,1237,7,4,Human
1710,1238,7,91,Human
1711,1241,4,3,Human
1712,1239,4,3,Human
1713,1236,11,3,Human
1714,1242,0,12,Human
1715,1248,99,10,Human
1716,1243,100,10,Human
1717,1242,49,3,Human
1718,1244,7,10,Human
1719,1244,11,3,Human
1720,1248,16,9,Human
1721,1249,24,10,Human
1722,1248,11,3,Human
1723,1248,7,10,Human
1724,1243,7,9,Human
1725,1250,0,92,Human
1726,1254,0,2,Human
1727,1259,0,2,Human
1728,1261,0,2,Human
1729,1263,0,93,Human
1730,1260,11,2,Human
1731,1268,4,3,Human
1732,1269,0,3,Human
1733,1277,4,3,Human
1734,1280,4,3,Human
1735,1273,0,3,Human
1736,1280,11,3,Human
1737,1287,11,3,Human
1738,1290,4,20,Human
1739,1283,101,22,Human
1740,1294,1,1,Human
1741,1295,16,94,Human
1742,1295,16,3,Human
1743,1294,4,20,Human
1744,1301,7,4,Human
1745,1300,7,77,Human
1746,1297,11,3,Human
1747,1300,4,20,Human
1748,1302,7,10,Human
1749,1306,7,9,Human
1750,1306,16,18,Human
1751,1302,7,9,Human
1752,1314,11,4,Human
1753,1307,7,4,Human
1754,1309,4,89,Human
1755,1308,64,10,Human
1756,1317,8,95,Human
1757,1318,11,2,Human
1758,1314,7,10,Human
1759,1316,8,2,Human
1760,1312,7,10,Human
1761,1322,11,2,Human
1762,1321,7,9,Human
1763,1316,11,3,Human
1764,1321,8,96,Human
1765,1323,7,9,Human
1766,1323,11,3,Human
1767,1327,7,9,Human
1768,1330,17,3,Human
1769,1327,7,9,Human
1770,1331,11,3,Human
1771,1333,7,10,Human
1772,1332,17,5,Human
1773,1330,7,9,Human
1774,1333,7,9,Human
1775,1333,16,10,Human
1776,1336,11,3,Human
1777,1342,7,10,Human
1778,1343,102,3,Human
1779,1336,4,20,Human
1780,1342,7,9,Human
1781,1338,7,9,Human
1782,1338,4,20,Human
1783,1347,17,5,Human
1784,1345,4,20,Human
1785,1347,73,5,Human
1786,1354,17,5,Human
1787,1359,103,9,Human
1788,1351,17,5,Human
1789,1359,17,16,Human
1790,1357,0,3,Human
1791,1361,104,5,Human
1792,1369,10,5,Human
1793,1372,8,10,Human
1794,1380,4,20,Human
1795,1376,8,9,Human
1796,1378,16,4,Human
1797,1381,8,2,Human
1798,1379,0,0,Human
1799,1384,8,97,Human
1800,1381,4,20,Human
1801,1382,8,10,Human
1802,1386,0,98,Human
1803,1376,11,20,Human
1804,1379,8,9,Human
1805,1383,8,9,Human
1806,1388,11,20,Human
1807,1383,7,9,Human
1808,1390,0,2,Human
1809,1382,0,2,Human
1810,1383,11,20,Human
1811,1387,0,3,Human
1812,1384,7,9,Human
1813,1388,4,4,Human
1814,1395,0,3,Human
1815,1386,7,10,Human
1816,1397,4,55,Human
1817,1398,7,10,Human
1818,1400,8,9,Human
1819,1394,7,9,Human
1820,1399,17,3,Human
1821,1405,8,10,Human
1822,1401,7,10,Human
1823,1409,8,99,Human
1824,1403,0,2,Human
1825,1400,7,10,Human
1826,1406,8,9,Human
1827,1408,7,10,Human
1828,1404,105,1,Human
1829,1413,7,10,Human
1830,1411,106,5,Human
1831,1416,8,2,Human
1832,1407,7,9,Human
1833,1415,7,9,Human
1834,1413,11,20,Human
1835,1415,50,9,Human
1836,1414,7,9,Human
1837,1421,16,9,Human
1838,1413,11,2,Human
1839,1420,7,10,Human
1840,1416,7,9,Human
1841,1414,107,20,Human
1842,1421,4,20,Human
1843,1424,7,9,Human
1844,1416,11,20,Human
1845,1427,7,100,Human
1846,1421,7,10,Human
1847,1428,16,4,Human
1848,1423,7,9,Human
1849,1431,11,20,Human
1850,1425,108,4,Human
1851,1429,7,9,Human
1852,1431,11,20,Human
1853,1429,4,20,Human
1854,1435,49,2,Human
1855,1430,4,20,Human
1856,1440,1,10,Human
1857,1440,11,20,Human
1858,1433,1,1,Human
1859,1440,11,20,Human
1860,1447,17,5,Human
1861,1445,11,2,Human
1862,1442,11,20,Human
1863,1444,1,1,Human
1864,1451,1,1,Human
1865,1450,11,20,Human
1866,1447,11,20,Human
1867,1457,11,2,Human
1868,1455,4,20,Human
1869,1458,4,20,Human
1870,1457,11,20,Human
1871,1462,4,20,Human
1872,1454,11,4,Human
1873,1464,1,10,Human
1874,1464,8,9,Human
1875,1462,11,20,Human
1876,1466,8,10,Human
1877,1471,8,10,Human
1878,1471,8,10,Human
1879,1470,11,20,Human
1880,1474,8,9,Human
1881,1474,11,20,Human
1882,1466,1,1,Human
1883,1469,19,3,Human
1884,1475,0,3,Human
1885,1479,0,2,Human
1886,1477,1,1,Human
1887,1482,0,2,Human
1888,1482,0,3,Human
1889,1482,49,9,Human
1890,1485,109,20,Human
1891,1491,8,9,Human
1892,1486,7,10,Human
1893,1483,0,101,Human
1894,1493,32,2,Human
1895,1486,0,2,Human
1896,1486,7,10,Human
1897,1492,0,102,Human
1898,1497,0,2,Human
1899,1492,1,1,Human
1900,1496,0,12,Human
1901,1503,8,9,Human
1902,1503,110,10,Human
1903,1498,7,10,Human
1904,1506,17,5,Human
1905,1505,7,10,Human
1906,1498,16,10,Human
1907,1503,17,5,Human
1908,1504,17,5,Human
1909,1519,11,20,Human
1910,1512,37,81,Human
1911,1519,1,1,Human
1912,1514,1,10,Human
1913,1520,4,20,Human
1914,1519,11,20,Human
1915,1524,1,10,Human
1916,1522,11,20,Human
1917,1524,1,1,Human
1918,1523,11,20,Human
1919,1532,11,2,Human
1920,1535,4,20,Human
1921,1530,4,20,Human
1922,1538,4,3,Human
1923,1536,4,3,Human
1924,1538,11,5,Human
1925,1538,4,3,Human
1926,1538,4,3,Human
1927,1541,77,3,Human
1928,1545,17,5,Human
1929,1547,4,3,Human
1930,1545,4,3,Human
1931,1544,1,1,Human
1932,1552,24,1,Human
1933,1552,4,2,Human
1934,1554,57,20,Human
1935,1550,68,10,Human
1936,1559,8,10,Human
1937,1558,111,3,Human
1938,1561,4,3,Human
1939,1557,4,2,Human
1940,1566,112,10,Human
1941,1562,4,3,Human
1942,1563,47,3,Human
1943,1566,4,3,Human
1944,1564,4,3,Human
1945,1572,0,2,Human
1946,1583,1,1,Human
1947,1582,1,1,Human
1948,1579,13,4,Human
1949,1587,4,3,Human
1950,1588,113,10,Human
1951,1579,114,3,Human
1952,1585,4,2,Human
1953,1583,4,3,Human
1954,1592,42,9,Human
1955,1594,4,90,Human
1956,1588,115,2,Human
1957,1590,0,2,Human
1958,1589,16,4,Human
1959,1589,16,9,Human
1960,1599,0,2,Human
1961,1594,16,9,Human
1962,1596,4,3,Human
1963,1592,16,9,Human
1964,1599,17,5,Human
1965,1605,16,9,Human
1966,1605,16,103,Human
1967,1599,116,10,Human
1968,1604,16,4,Human
1969,1599,11,3,Human
1970,1603,11,20,Human
1971,1605,8,2,Human
1972,1602,4,3,Human
1973,1605,117,3,Human
1974,1611,11,20,Human
1975,1605,11,3,Human
1976,1609,11,20,Human
1977,1609,11,3,Human
1978,1615,11,3,Human
1979,1611,1,1,Human
1980,1614,11,3,Human
1981,1611,1,1,Human
1982,1615,11,3,Human
1983,1619,4,3,Human
1984,1623,11,3,Human
1985,1621,1,1,Human
1986,1617,0,2,Human
1987,1616,4,3,Human
1988,1619,118,10,Human
1989,1626,0,3,Human
1990,1627,119,1,Human
1991,1627,0,3,Human
1992,1628,1,1,Human
1993,1635,4,4,Human
1994,1637,98,2,Human
1995,1643,21,10,Human
1996,1649,21,9,Human
1997,1649,4,104,Human
1998,1645,1,1,Human
1999,1654,21,10,Human
2000,1651,21,9,Human
2001,1658,4,2,Human
2002,1657,21,10,Human
2003,1649,17,5,Human
2004,1660,21,4,Human
2005,1662,4,3,Human
2006,1659,8,98,Human
2007,1662,120,3,Human
2008,1661,17,16,Human
2009,1671,121,105,Human
2010,1674,11,4,Human
2011,1672,4,3,Human
2012,1671,53,3,Human
2013,1674,4,3,Human
2014,1679,17,5,Human
2015,1676,122,106,Human
2016,1686,0,2,Human
2017,1687,8,2,Human
2018,1685,16,71,Human
2019,1684,123,2,Human
2020,1681,16,10,Human
2021,1685,11,3,Human
2022,1687,16,107,Human
2023,1686,124,10,Human
2024,1699,125,3,Human
2025,1698,1,1,Human
2026,1699,21,21,Human
2027,1692,1,1,Human
2028,1703,21,10,Human
2029,1702,21,10,Human
2030,1702,16,10,Human
2031,1704,21,9,Human
2032,1714,0,2,Human
2033,1712,0,3,Human
2034,1708,40,9,Human
2035,1708,0,2,Human
2036,1709,126,108,Human
2037,1719,45,4,Human
2038,1712,123,2,Human
2039,1717,1,1,Human
2040,1722,127,10,Human
2041,1731,4,3,Human
2042,1733,4,3,Human
2043,1743,0,3,Human
2044,1744,128,9,Human
2045,1740,17,5,Human
2046,1750,4,3,Human
2047,1747,4,3,Human
2048,1749,4,3,Human
2049,1757,129,10,Human
2050,1748,4,3,Human
2051,1756,4,3,Human
2052,1758,16,5,Human
2053,1755,130,3,Human
2054,1756,4,3,Human
2055,1757,17,5,Human
2056,1764,11,4,Human
2057,1773,11,3,Human
2058,1770,16,55,Human
2059,1772,16,109,Human
2060,1781,4,20,Human
2061,1773,4,20,Human
2062,1774,11,3,Human
2063,1785,11,4,Human
2064,1784,11,3,Human
2065,1795,131,5,Human
2066,1785,17,108,Human
2067,1788,13,2,Human
2068,1800,0,3,Human
2069,1801,43,9,Human
