target_junction,Step 0,Step 1,Step 2,Step 3,Step 4,Step 5,Step 6,Step 7,Step 8,Step 9,Step 10,Step 11,Step 12,Step 13,Step 14,Step 15,Step 16,Step 17,Step 18,Step 19,Step 20,Step 21,Step 22,Step 23,Step 24,Step 25,Step 26,Step 27,Step 28,Step 29,Step 30,Step 31,Step 32,Step 33,Step 34,Step 35,Step 36,Step 37,Step 38,Step 39,Step 40,Step 41,Step 42,Step 43,Step 44,Step 45,Step 46,Step 47,Step 48,Step 49,x,y
1137585389,0,0,0,1,0,0,1,1,0,0,0,0,0,0,1,2,0,1,0,1,0,0,0,0,0,1,0,0,0,0,0,0,1,0,0,0,0,0,0,0,0,0,0,1,0,1,3,0,1,0,212007.83,452669.03
1137585395,0,0,0,0,1,0,0,0,0,0,1,0,1,0,0,0,0,1,0,0,0,1,2,0,0,3,0,0,1,0,0,2,0,0,0,0,1,0,0,0,2,0,0,0,0,0,0,0,5,2,212060.38,452807.52
1200363969,0,0,0,0,0,0,0,0,0,0,0,0,0,0,0,0,0,0,0,0,1,0,0,0,0,0,0,0,0,0,0,0,0,0,0,0,0,0,0,0,0,0,0,0,0,0,0,0,0,0,212989.38,451522.35
1205464844,0,0,0,0,0,0,0,0,0,0,0,0,0,0,0,0,0,0,0,0,0,0,0,0,0,0,0,0,0,0,0,0,0,0,0,0,0,0,0,0,0,0,0,0,0,0,1,0,0,0,213399.22,452105.64
1423242665,0,0,0,0,0,0,0,0,0,0,0,0,0,0,0,0,0,0,0,0,0,0,0,0,0,0,0,0,0,0,0,0,0,0,0,0,0,0,0,0,0,0,0,0,0,0,1,0,0,0,212088.44,451922.56
1427494803,0,0,0,0,0,0,0,0,0,0,0,0,0,0,1,0,0,0,0,0,0,0,0,0,0,0,0,1,0,0,0,0,0,0,0,0,0,0,0,0,0,0,0,0,0,0,0,0,0,0,213110.57,453235.06
1427494830,0,0,0,1,0,1,0,0,0,0,0,0,0,0,0,0,0,1,1,0,1,0,0,0,0,0,0,1,0,0,0,0,0,0,0,0,0,1,0,0,0,0,0,1,0,0,1,0,0,0,212991.19,453340.21
1509951406,0,0,0,0,0,0,0,0,0,0,0,0,0,0,0,0,0,0,0,0,0,0,1,0,0,0,0,0,0,0,0,0,0,0,0,0,0,0,0,0,0,0,0,0,0,0,0,0,0,0,212193.59,452965.96
1516302011,0,0,0,0,0,0,0,0,1,0,0,0,0,0,0,0,0,3,0,1,1,1,0,1,1,0,0,0,0,0,0,0,0,2,2,0,0,0,0,0,1,2,0,1,0,1,0,1,3,0,212424.48,452104.45
1516302036,0,0,0,0,3,8,7,3,3,8,7,14,3,7,13,5,4,2,9,8,2,0,0,0,4,1,0,0,5,0,2,6,10,4,6,3,8,7,1,6,5,11,10,3,3,9,7,5,4,7,212392.02,452249.83
1602381826,0,0,0,0,4,3,3,5,0,2,6,2,2,5,0,0,1,1,1,1,0,0,0,0,0,0,0,0,0,1,5,6,0,1,1,0,1,0,0,0,0,0,1,6,1,3,1,1,3,1,211873.42,452209.34
1602381828,0,0,0,0,0,0,0,0,1,0,0,0,0,0,0,0,0,1,1,0,0,0,0,0,0,0,0,0,0,0,0,1,0,0,0,0,0,0,0,0,0,0,0,0,0,0,0,0,0,1,211918.08,452215.14
1602381830,0,0,0,0,0,0,0,1,0,0,0,0,0,0,0,0,1,2,0,0,1,0,0,1,0,0,3,0,0,1,0,0,0,0,0,0,0,0,0,0,0,0,0,1,0,2,10,1,0,4,211916.36,452225.77
1782978693,0,0,0,3,9,0,4,0,3,11,2,0,5,1,6,0,1,3,0,2,0,0,0,0,0,0,0,2,0,0,0,0,0,0,0,4,0,5,5,5,8,0,1,0,3,3,0,5,10,1,211882.9,452257.95
1782978746,0,0,0,0,0,0,0,0,0,0,1,0,1,1,1,0,1,1,0,0,0,0,0,2,1,0,1,0,1,0,0,0,1,0,0,1,0,0,0,0,0,1,1,1,0,0,0,1,1,4,211987.98,452434.73
1815670952,0,0,0,0,0,0,0,0,0,0,0,0,0,0,0,0,0,0,0,0,0,0,0,0,0,0,0,0,0,0,0,0,0,0,0,0,0,0,0,0,0,0,0,0,0,0,0,0,0,1,211723.16,451682.62
1833941877,0,0,0,0,0,1,0,0,0,0,1,0,0,0,1,1,0,0,0,0,0,0,0,0,0,1,0,0,0,0,0,1,0,0,0,0,0,0,0,0,0,0,0,0,0,0,0,1,2,4,213171.38,451686.57
1833941883,0,0,0,0,0,0,0,0,0,0,0,0,0,0,0,0,0,0,0,0,2,0,0,0,0,0,0,0,0,0,0,0,0,0,0,0,0,0,2,0,0,0,0,0,0,0,2,0,0,2,213124.36,451697.44
1833965795,0,0,0,0,0,0,0,0,0,0,0,0,0,0,0,0,0,0,1,0,0,0,0,0,0,0,1,0,0,0,0,0,0,0,1,1,0,0,0,0,0,0,0,0,0,0,0,0,0,0,213424.16,452058.49
1833965819,0,0,0,0,0,0,0,0,1,0,0,0,0,0,0,1,0,0,0,0,0,0,0,0,0,0,0,0,0,0,0,0,0,0,0,0,0,0,2,0,0,0,0,0,0,0,0,0,0,0,213421.56,452069.0
1840038411,0,0,0,0,0,0,0,0,0,0,0,0,0,0,0,1,0,0,0,0,0,0,0,0,0,0,0,0,0,0,0,0,0,0,0,0,0,0,0,0,0,0,0,0,0,0,0,0,0,0,211704.89,451266.14
1840464353,0,0,0,0,0,0,0,1,1,0,1,5,6,2,6,1,4,4,2,5,1,1,0,0,0,0,0,0,0,0,2,0,0,0,0,1,0,0,0,2,2,0,3,1,0,0,2,0,0,0,213343.24,452435.17
1840464393,0,0,0,1,0,0,1,0,0,1,0,0,1,0,0,0,1,0,1,0,0,2,1,1,0,3,0,0,0,2,0,0,0,0,1,0,0,0,1,1,0,0,0,1,0,0,2,0,0,0,213385.94,452470.45
1863241546,0,0,0,0,0,0,0,0,0,0,0,1,0,0,0,0,0,0,0,0,0,0,0,0,0,0,0,0,0,0,0,0,0,0,0,0,0,0,0,0,0,0,0,0,0,0,0,0,0,0,211854.51,452218.73
1863241614,0,0,0,1,0,0,0,0,1,0,1,0,1,2,0,0,0,1,2,1,1,1,0,0,0,0,1,0,0,0,2,1,0,2,0,4,1,0,7,4,1,0,1,2,2,0,0,2,0,2,211859.48,452368.23
1863241632,0,0,5,0,1,2,0,7,1,2,4,4,6,3,5,5,1,2,2,2,1,0,1,2,2,0,4,5,3,3,2,0,2,3,1,5,8,2,5,0,0,2,3,5,2,5,7,5,3,1,211854.06,452380.69
194342319,0,0,0,0,0,0,0,0,1,0,0,2,0,0,0,0,0,0,0,0,0,1,1,0,0,1,1,0,0,0,1,0,0,0,5,0,0,0,0,0,0,0,3,0,1,1,0,1,0,0,212065.35,451262.37
194342350,0,0,0,0,0,0,0,0,0,1,0,0,2,0,0,0,0,0,0,0,0,0,1,0,1,0,0,0,2,0,0,0,0,0,0,3,0,0,0,0,0,1,0,4,0,0,2,0,1,0,212494.81,451334.42
194342352,0,0,0,0,0,0,0,0,0,0,0,0,0,0,0,0,0,0,1,0,0,0,0,1,0,0,0,0,1,0,0,0,0,1,0,0,0,0,1,0,0,0,0,0,0,0,0,0,0,0,212551.74,451351.45
194342361,0,0,0,1,0,0,2,0,0,0,2,0,1,0,0,0,1,0,0,0,0,0,1,0,1,1,0,0,0,0,0,1,1,1,0,0,0,0,0,0,0,0,0,0,2,0,2,0,0,0,212729.79,451411.84
195635398,0,1,1,0,0,1,2,0,4,2,5,5,3,1,4,5,4,4,4,4,6,5,2,5,5,8,4,3,2,3,2,2,0,0,0,1,3,3,5,5,4,5,8,4,8,12,6,11,9,2,211968.65,452230.44
2113472091,0,0,0,0,0,0,0,0,0,0,0,0,0,0,0,0,0,0,0,0,0,0,0,0,0,0,0,0,0,0,0,0,0,0,0,0,0,1,0,0,0,0,0,0,0,0,0,0,0,0,212725.05,451713.44
2230685408,0,0,0,0,0,0,0,0,0,0,0,0,0,0,0,0,0,0,0,0,0,0,0,0,0,0,0,0,0,0,0,0,0,0,0,0,0,0,0,0,1,0,0,0,0,0,0,0,0,0,213397.93,452206.54
2277358892,0,0,0,0,0,0,0,0,0,0,0,0,0,0,0,0,0,0,1,0,0,0,0,0,0,0,0,0,0,0,0,0,0,0,0,0,0,0,0,0,0,0,0,0,0,0,0,0,0,0,211756.59,452687.56
2278775935,0,0,0,0,0,0,0,0,0,0,0,0,0,0,0,0,0,0,0,0,0,1,0,0,0,0,0,0,0,0,0,0,0,0,1,0,0,0,0,0,0,0,0,0,0,0,0,0,1,0,212294.4,451816.22
2278775936,0,0,0,0,0,0,0,0,0,0,0,0,0,0,0,0,0,0,0,0,0,0,0,1,0,0,0,0,0,0,0,0,0,0,0,0,1,0,0,0,0,0,0,0,0,0,0,0,0,1,212206.96,451813.48
2330725114,0,4,3,4,1,5,5,5,6,4,7,2,9,7,3,5,2,4,1,2,4,1,2,4,3,6,6,2,8,1,3,3,2,8,7,4,8,1,3,1,9,12,5,1,3,7,15,1,7,8,211730.78,452677.54
2337351360,0,0,0,0,0,0,0,0,0,0,0,1,0,0,0,0,0,0,0,0,0,0,0,0,0,0,0,0,0,0,0,0,0,0,1,0,0,0,0,0,0,0,0,0,0,0,0,0,0,1,211987.12,452728.88
2337351365,0,0,0,0,0,0,0,0,1,0,0,0,0,1,0,0,0,0,0,0,0,0,0,0,0,0,0,0,0,0,0,1,0,0,0,0,0,0,0,0,0,0,0,0,1,0,0,0,0,1,211931.47,452763.22
243351999,0,0,0,0,0,0,0,0,0,0,0,0,0,1,2,0,0,0,0,0,2,1,2,0,0,2,0,2,2,0,0,0,0,1,0,0,0,1,0,0,0,0,0,2,0,0,0,0,0,1,212743.37,451715.68
243352002,0,0,0,0,0,0,0,0,0,0,0,0,0,0,0,0,0,0,0,0,0,0,0,0,0,0,0,0,0,0,0,0,0,0,0,0,0,0,1,0,0,0,0,0,0,1,0,0,0,0,212645.45,451851.2
243636066,0,0,0,0,1,0,0,2,0,0,0,0,0,0,1,0,0,1,0,0,0,0,0,0,0,0,0,2,0,0,0,0,0,2,0,1,0,1,1,0,0,0,0,0,1,1,0,0,1,0,212651.04,451704.74
243636067,0,0,0,0,0,0,0,0,0,0,0,0,0,0,0,0,0,2,0,0,0,0,0,0,0,0,0,0,0,0,2,0,0,2,0,0,0,0,0,0,0,0,0,0,0,0,0,0,2,0,212674.36,451614.37
243636071,0,0,0,0,0,0,0,0,0,0,0,1,1,0,1,0,0,0,0,0,0,0,0,0,0,0,1,0,2,0,0,1,1,1,0,1,0,0,0,1,1,0,0,0,0,0,2,0,2,0,212671.78,451811.25
243636072,0,0,0,0,0,0,0,0,0,0,1,0,2,0,0,2,0,0,0,2,0,0,0,0,0,1,0,0,0,3,0,0,1,2,1,1,0,0,1,0,0,0,1,0,1,0,1,0,1,0,212567.66,451802.98
243636097,0,0,0,0,0,1,0,0,0,0,0,0,0,0,0,0,0,0,1,2,0,0,0,1,0,0,0,0,0,0,0,0,2,1,2,1,0,0,0,0,0,1,0,0,0,0,0,2,0,0,212081.51,451658.98
243636103,0,0,0,0,0,0,0,0,0,0,0,0,0,0,0,0,0,0,0,0,0,0,0,0,1,0,0,0,0,0,0,0,0,0,0,0,0,0,0,0,0,0,0,0,0,0,0,0,0,0,212138.66,451615.5
243636120,0,0,0,0,0,0,2,1,0,4,3,1,1,1,1,2,1,0,0,3,7,4,5,0,0,0,1,0,0,2,5,5,6,10,9,10,5,6,1,1,0,0,1,0,1,1,0,3,4,3,211748.74,451769.58
243641575,0,0,0,0,0,0,1,2,0,1,0,1,1,1,0,0,2,3,1,1,2,3,0,2,0,0,1,2,0,1,1,0,3,3,5,6,8,2,1,5,3,0,3,1,0,2,3,1,2,2,212990.66,452191.68
243641576,0,0,0,0,0,0,0,0,0,0,0,0,0,0,0,0,0,0,0,0,0,0,0,0,0,0,0,1,0,0,0,0,0,0,0,0,0,0,0,0,0,0,0,0,0,0,0,0,0,0,212934.99,452174.14
243641583,0,0,0,0,0,0,0,0,0,0,0,1,1,2,1,1,2,2,2,2,3,0,0,0,1,0,0,2,0,2,2,1,0,2,4,3,1,0,2,1,0,0,1,1,1,0,0,0,1,3,212873.56,452361.55
243641585,0,0,0,2,3,6,9,2,7,10,0,3,2,3,4,6,10,4,2,5,0,8,6,7,13,6,8,8,14,11,9,11,10,11,9,7,11,10,11,8,16,18,8,16,8,5,11,5,11,4,212838.9,452442.96
243749518,0,0,0,0,0,0,0,0,0,0,0,0,0,1,0,0,0,1,0,0,1,0,0,0,0,0,1,2,0,1,2,2,0,0,0,0,0,0,0,0,0,0,0,2,0,0,2,0,0,0,212732.0,452562.83
243749545,0,0,0,0,0,0,0,0,0,0,1,0,0,1,1,1,0,0,0,0,0,0,1,1,1,0,1,0,0,0,0,0,0,0,0,1,0,1,0,0,1,0,1,2,0,1,0,0,1,0,212628.08,452625.24
243749561,0,0,0,0,0,0,0,0,0,1,0,0,0,0,0,0,0,0,0,0,0,0,0,0,0,0,0,0,0,0,0,0,0,0,0,0,0,0,0,0,0,0,0,0,0,0,0,0,0,0,211996.92,452411.88
243749571,0,0,0,0,1,1,2,1,3,1,0,1,0,1,0,0,0,0,0,1,0,1,1,2,5,0,1,7,3,2,0,0,1,2,1,0,0,1,1,1,0,0,4,1,1,3,2,7,1,0,212210.48,452949.86
245975606,0,0,0,0,0,0,0,0,0,0,0,0,0,0,0,0,0,0,0,0,0,0,0,0,0,0,0,0,0,0,0,0,0,0,0,0,0,0,1,0,0,0,0,0,0,0,0,0,0,0,212595.11,451987.44
245975611,0,0,0,0,0,0,0,0,0,0,0,0,0,0,0,0,0,0,0,0,0,0,0,0,0,1,0,0,0,0,0,0,0,0,0,0,0,0,0,0,0,0,0,0,0,0,0,0,0,0,212677.88,452008.64
245975614,0,0,0,0,0,0,0,0,0,0,0,0,0,0,0,0,0,0,0,0,0,1,0,0,0,0,0,0,0,1,0,0,0,0,0,0,0,0,0,0,0,0,0,0,0,0,0,0,0,0,212724.94,451867.07
247957628,0,0,1,0,0,0,0,0,0,0,2,2,0,0,2,0,3,1,0,0,2,4,1,2,1,2,0,1,4,1,2,1,3,2,5,5,4,8,6,2,3,2,2,0,4,2,0,0,1,2,213157.53,451982.0
249176474,0,0,0,0,0,0,0,0,0,0,1,0,0,0,1,0,0,0,1,0,1,0,0,0,0,0,2,1,2,0,1,0,0,0,0,0,0,0,0,0,0,0,0,0,2,0,2,0,1,0,213191.28,451809.71
267408897,0,0,0,1,1,0,0,0,0,0,0,0,0,0,1,2,1,0,0,0,0,0,0,1,1,0,0,0,0,1,0,0,1,0,2,0,1,4,0,0,0,0,4,1,0,0,3,3,0,0,213617.16,452036.04
267408977,0,0,0,0,0,0,0,0,0,0,0,0,0,0,0,0,0,0,0,0,0,1,0,0,0,0,1,0,0,0,0,0,0,0,0,0,0,0,0,0,0,0,0,0,0,0,0,0,1,0,213147.57,451724.12
267517557,0,0,0,0,0,0,0,0,0,0,0,0,0,0,0,0,0,1,0,0,0,0,0,0,0,0,0,0,0,0,0,0,0,0,0,0,0,0,0,0,0,4,0,1,0,1,0,0,0,0,213628.62,452137.18
267517558,0,0,0,0,0,0,0,0,0,0,0,0,0,0,1,0,0,0,0,0,0,0,0,0,0,0,0,0,0,0,0,0,0,0,0,0,0,0,0,0,0,0,0,0,0,0,0,0,0,0,213619.75,452148.09
267517559,0,0,1,0,1,1,1,0,0,0,0,1,0,1,0,1,1,0,0,0,0,0,1,1,0,0,0,0,0,0,0,0,0,0,0,0,1,0,0,0,0,0,0,4,0,4,0,2,0,1,213389.93,452295.98
267517560,0,0,0,1,0,1,0,0,2,0,3,5,2,1,0,0,1,0,2,0,0,1,0,0,0,0,0,0,1,0,0,0,0,1,0,0,0,0,1,2,0,0,6,1,1,1,0,2,0,3,213485.52,452302.28
267517561,0,0,0,0,0,0,0,0,1,1,1,0,2,0,0,0,0,0,0,0,0,0,0,0,0,0,1,0,0,0,0,0,0,1,0,0,0,0,0,0,1,1,4,0,4,0,2,0,1,0,213494.63,452087.44
267782464,0,0,0,0,0,0,1,0,0,5,0,0,8,2,4,2,0,3,3,3,0,0,1,0,0,0,0,0,0,2,0,0,1,0,2,0,0,0,1,0,4,1,1,5,2,7,1,1,2,0,213298.1,452289.06
267782465,0,0,1,0,0,0,1,1,0,4,0,4,0,0,5,0,1,3,3,3,4,1,0,1,0,0,0,1,0,1,2,0,0,1,1,0,0,0,1,1,4,1,2,1,3,3,5,0,4,0,213215.38,452276.2
267782468,0,0,0,0,0,0,0,2,7,0,2,1,1,5,1,4,3,1,11,6,2,4,0,1,2,0,1,2,1,1,0,2,2,4,5,3,2,3,5,0,2,2,0,3,7,3,8,8,2,11,213043.74,452212.84
267782471,0,0,0,0,0,0,0,6,1,1,2,0,5,1,0,2,0,5,3,0,0,0,1,0,0,0,1,0,0,1,2,1,0,0,0,1,3,0,1,1,0,1,0,5,0,1,1,2,5,0,212929.98,452448.84
267782472,0,0,0,0,0,0,0,2,1,0,2,0,0,3,0,9,1,0,0,2,7,0,2,1,0,2,0,0,0,1,0,0,0,0,0,0,1,0,8,0,0,1,0,5,1,0,2,2,5,1,213049.83,452459.43
267782476,0,0,0,0,0,0,0,0,0,1,0,0,0,0,0,0,0,0,0,0,0,0,0,0,0,0,0,1,0,0,0,0,0,0,0,1,0,0,0,0,0,0,0,0,0,0,0,0,0,0,213166.75,452049.92
267782478,0,0,0,0,0,0,0,0,0,0,0,0,0,0,0,0,1,0,0,0,0,0,0,0,0,0,0,0,0,1,0,0,0,0,0,0,0,0,0,0,0,0,0,0,0,1,0,0,0,0,213264.5,452067.15
267782479,0,0,0,0,0,1,0,0,0,0,5,0,2,4,3,5,1,0,3,2,7,5,1,2,0,0,1,0,2,0,0,0,0,3,1,0,0,0,1,0,0,0,2,1,7,4,9,3,3,9,213180.58,452448.67
267782483,0,0,0,0,0,0,0,0,0,0,1,0,0,0,0,0,0,0,0,0,0,0,0,1,1,0,0,0,0,0,0,0,0,0,0,0,0,1,0,0,0,2,0,0,0,0,0,0,0,0,213245.36,452164.11
267782484,0,0,0,0,0,0,0,0,0,0,0,0,0,0,0,0,0,0,0,0,0,0,1,0,0,0,0,0,0,0,0,0,0,0,0,0,0,0,0,0,1,1,0,0,0,0,0,0,0,0,213258.41,452102.16
267782490,0,0,0,1,0,1,0,0,0,0,0,0,0,1,0,0,0,0,0,0,0,1,1,0,0,0,1,0,1,0,0,0,0,0,1,0,0,0,0,0,0,0,0,0,0,0,0,0,0,0,213399.82,452173.63
267782492,0,0,0,0,0,0,0,0,0,1,9,5,4,6,2,7,1,1,6,4,2,2,0,0,1,0,0,0,1,0,0,1,0,0,1,1,0,0,2,1,2,8,1,0,1,2,0,3,1,0,213283.12,452440.1
267783847,0,0,0,0,0,0,0,0,0,0,0,0,0,0,0,0,0,0,0,0,0,1,0,0,0,0,0,0,0,0,0,0,0,0,0,0,0,0,0,0,0,0,0,0,0,0,0,0,0,0,212871.35,452153.23
267783852,0,0,0,0,0,0,0,0,0,0,0,0,0,0,0,0,0,0,0,0,0,0,0,0,0,0,0,0,1,0,0,0,0,0,0,0,0,0,0,0,0,0,0,0,0,0,0,0,0,0,212832.32,452098.48
267783854,0,0,0,0,0,0,0,0,1,0,0,1,1,1,0,0,1,0,2,0,1,0,2,1,0,0,0,0,0,0,0,0,0,2,2,3,0,0,0,2,0,1,0,0,1,1,1,3,1,1,212841.86,452198.82
267783860,0,0,0,0,0,0,0,0,0,0,0,0,0,0,0,0,0,0,0,0,0,0,0,0,0,0,0,0,1,0,0,0,0,0,0,0,0,0,0,0,0,0,0,0,0,0,0,0,0,0,212929.66,452074.69
267783861,0,0,0,0,0,0,0,0,1,0,0,0,0,1,0,1,0,0,0,0,0,0,0,0,0,0,0,0,0,0,0,0,0,1,0,0,0,0,0,0,0,0,0,0,0,0,0,0,0,0,212847.9,452050.07
267783873,0,0,0,0,0,0,0,0,0,1,0,0,1,0,0,2,0,1,1,2,1,1,0,0,0,0,1,0,0,2,0,0,2,5,0,0,0,0,0,0,0,0,1,1,0,0,1,0,0,1,212672.17,452138.05
267783877,0,0,0,0,0,0,0,0,0,0,0,0,0,2,2,3,2,0,0,0,0,0,0,0,0,0,0,0,0,0,0,0,2,1,1,1,2,2,3,4,1,1,0,0,1,1,1,0,0,1,212253.77,452056.74
267783883,0,0,0,0,0,0,0,0,0,0,0,0,0,0,0,0,0,0,0,0,0,0,0,0,0,0,0,0,0,0,0,0,0,0,0,0,0,0,0,0,0,0,1,0,0,0,0,0,0,0,212632.53,452273.52
267783890,0,0,0,0,0,3,0,4,6,0,3,4,4,2,1,4,2,4,1,0,0,0,0,0,1,1,0,0,0,0,1,0,0,2,2,0,0,0,0,10,2,6,4,4,4,0,1,1,4,4,212063.04,452221.08
267783891,0,0,0,0,0,0,0,0,0,0,0,1,0,1,0,0,1,0,1,0,0,0,0,0,0,0,0,0,0,2,0,1,2,3,0,2,1,8,2,0,2,2,0,1,0,0,1,1,1,0,211973.52,452077.56
267783900,0,0,0,0,0,0,0,0,0,0,0,0,0,0,0,0,0,0,0,0,0,0,0,0,0,0,0,0,0,0,0,0,0,1,1,0,0,0,1,1,0,0,0,0,1,1,0,0,0,0,212054.09,452155.45
267783904,0,0,0,0,0,0,0,2,1,0,0,0,1,0,0,0,0,0,0,0,0,0,0,0,0,0,0,0,1,0,1,1,1,0,0,0,0,0,0,0,1,0,1,0,0,0,0,0,0,0,211830.25,451921.42
267783911,0,0,0,0,0,0,0,0,0,0,0,0,0,0,0,0,0,0,0,0,0,0,0,0,0,0,0,0,0,1,0,0,0,0,0,0,0,0,0,0,0,0,1,1,1,0,0,0,0,0,212010.2,451851.44
267783914,0,0,0,0,1,0,0,0,0,0,0,0,0,0,0,0,0,0,0,1,0,0,0,0,0,0,0,0,0,0,0,0,0,0,0,0,0,0,0,0,0,0,0,0,0,1,0,0,0,0,212052.06,451838.47
267783916,0,0,0,0,0,0,0,0,0,0,0,0,0,0,0,0,0,0,0,0,0,0,0,0,0,0,0,0,0,0,0,0,0,0,0,0,0,0,0,0,0,0,0,0,0,0,0,1,0,0,212093.16,451863.85
267783922,0,0,0,0,0,0,0,0,0,0,0,0,0,0,0,0,0,0,0,0,0,0,0,0,0,0,0,0,0,0,0,0,1,0,0,0,0,0,0,0,0,0,0,0,0,0,0,0,0,0,212293.71,451858.01
267783925,0,0,0,0,0,0,1,0,0,0,0,0,0,0,0,0,0,0,0,0,0,0,0,0,0,0,0,0,0,0,0,0,0,0,0,0,0,0,0,0,0,0,0,0,0,0,0,0,0,0,212410.65,451892.57
267783933,0,0,0,0,0,0,0,0,0,0,0,0,0,0,0,0,0,0,0,0,0,0,0,0,0,0,0,1,1,0,0,0,0,0,0,0,0,0,0,0,0,0,0,0,0,0,0,0,0,0,212171.87,451860.73
273472398,0,0,0,0,0,0,0,1,1,1,0,0,1,0,0,0,0,0,0,0,0,1,0,0,2,0,0,1,1,0,0,0,1,0,0,1,0,0,0,0,0,0,0,0,1,0,1,0,0,0,212292.04,452878.01
273472509,0,0,0,0,0,0,0,1,0,0,1,0,0,0,0,0,0,0,0,0,0,1,0,0,0,0,0,0,1,0,0,0,0,0,1,0,0,0,0,0,0,0,0,0,1,0,0,0,0,0,213162.89,453140.28
273906183,0,0,0,0,0,0,0,0,0,0,0,0,0,1,1,0,0,0,1,1,0,0,0,0,0,0,0,2,2,1,0,0,1,1,1,0,1,1,0,0,0,0,0,0,1,1,0,0,0,0,212029.47,450766.1
273906268,0,0,0,0,0,0,0,0,0,0,0,1,0,0,0,0,0,0,0,0,0,0,0,0,0,0,0,0,0,0,0,0,0,0,0,0,0,0,0,0,0,0,0,0,0,1,0,0,0,0,211764.61,451326.94
273906281,0,0,0,0,0,0,0,0,0,0,0,0,0,0,0,0,0,0,0,0,0,0,0,0,1,0,0,0,0,0,0,0,0,0,0,0,0,0,0,0,0,0,1,0,0,0,0,0,0,0,212085.48,451362.79
273906286,0,0,0,0,0,0,0,0,0,0,0,0,0,0,0,0,0,0,0,0,0,0,0,0,0,0,0,0,0,0,1,0,0,0,0,0,0,0,0,0,0,0,0,0,0,0,0,0,0,0,212126.24,451558.7
273906289,0,0,0,1,0,1,0,0,4,0,0,1,0,1,0,1,0,0,5,1,0,1,0,1,0,0,0,0,3,4,1,2,7,0,2,2,2,0,1,0,0,0,0,0,0,0,2,2,0,2,212151.02,451665.85
273906290,0,0,0,0,0,0,0,0,0,0,0,0,0,0,0,0,0,0,0,0,0,0,0,0,0,0,0,0,0,1,0,0,0,0,0,0,0,0,0,0,0,0,0,0,0,0,0,0,0,0,212100.9,451438.8
274041325,0,0,0,1,0,0,0,0,0,0,0,0,0,0,0,1,2,0,0,0,0,0,0,0,2,0,0,1,0,3,0,1,1,0,0,0,1,0,0,0,0,0,0,0,1,0,0,0,0,0,212803.06,451417.15
274041328,0,0,0,0,0,0,0,0,0,1,0,1,0,0,1,0,0,0,0,0,0,0,0,0,0,0,0,1,0,0,0,1,3,2,1,0,0,1,0,0,0,0,0,0,0,1,0,0,0,0,212801.8,451707.22
274041341,0,0,0,0,0,0,0,0,1,0,0,1,0,1,0,0,2,1,0,0,1,0,0,0,0,0,3,0,1,3,6,1,3,0,0,0,0,0,0,0,0,0,0,0,2,1,0,3,2,1,212893.09,451433.2
274041350,0,0,1,0,0,0,0,1,0,0,0,0,0,0,0,0,0,1,0,0,0,0,0,0,0,0,0,0,0,0,0,0,0,1,0,0,0,0,0,0,0,0,0,0,0,0,0,0,0,0,212536.65,451598.84
274081797,0,0,0,0,0,0,0,0,0,0,0,0,0,0,0,0,1,0,0,0,0,0,0,0,0,0,0,0,0,0,0,0,1,0,0,0,0,0,0,0,0,0,0,0,0,0,0,0,0,0,212674.22,451277.37
274081800,0,0,0,0,0,0,0,1,0,0,0,0,0,0,0,0,0,0,0,0,0,0,0,0,0,0,0,0,0,2,0,0,0,0,0,0,0,0,0,0,0,0,0,0,0,0,0,0,0,0,212569.42,451359.06
274579648,0,0,0,0,0,0,0,0,0,0,0,0,0,0,0,0,0,0,0,0,0,0,0,0,0,0,0,0,0,0,0,0,0,0,0,0,1,0,0,0,0,0,0,0,0,0,0,0,0,0,212546.12,451514.45
274579649,0,0,0,0,0,0,0,1,0,0,0,0,1,0,0,0,0,1,0,0,0,0,0,0,0,0,0,0,0,0,0,3,0,0,0,0,0,1,0,0,0,0,0,0,0,0,0,0,0,0,212436.37,451590.3
274579651,0,0,0,0,0,0,0,0,0,0,0,0,0,0,0,0,0,0,1,0,0,1,0,0,0,0,0,0,2,0,0,2,0,0,2,0,1,0,0,0,0,0,0,1,0,0,1,0,0,1,212429.94,451680.88
274579652,0,0,0,0,0,0,0,0,0,0,0,0,0,0,0,0,0,0,0,1,0,0,0,0,0,0,0,0,0,0,0,0,0,0,0,0,0,0,0,0,0,0,0,1,0,0,0,0,0,0,212204.41,451555.5
274579655,0,0,0,0,0,0,0,0,0,0,0,0,0,0,0,0,0,0,0,0,0,0,0,0,1,0,0,0,0,0,1,0,0,0,0,0,0,0,0,0,0,0,0,0,0,0,0,0,0,0,212347.55,451497.82
274579657,0,0,0,0,0,0,0,0,0,0,0,0,0,0,0,0,0,0,1,0,0,0,0,0,0,0,0,0,0,0,0,0,0,0,0,0,0,0,0,0,0,0,0,0,0,0,0,0,0,0,212400.3,451397.44
274579668,0,0,0,0,0,0,0,0,0,0,1,0,0,0,0,0,0,0,0,0,0,0,0,1,0,0,0,0,0,0,0,0,0,0,0,0,0,0,0,0,0,0,0,0,0,0,0,0,0,0,212622.56,451520.97
274591023,0,0,0,0,0,0,0,0,0,0,0,0,0,0,0,0,0,0,0,0,0,0,0,0,0,0,0,0,1,0,0,0,0,0,0,0,0,0,0,0,0,0,0,0,0,0,0,0,0,0,212515.67,451338.55
274604006,0,0,0,0,0,0,1,0,0,2,0,1,0,0,0,1,0,1,0,2,0,0,1,2,1,0,0,4,0,0,0,0,1,0,0,0,0,2,0,0,2,1,0,0,0,2,0,0,0,0,212363.17,451347.03
275309623,0,0,0,0,0,0,0,0,0,1,0,0,0,0,1,0,0,0,0,0,0,0,1,0,0,0,0,0,0,1,0,0,0,0,0,1,0,0,0,0,0,0,0,1,0,0,0,0,0,0,212901.5,451809.91
275309964,0,0,0,0,0,0,1,2,0,0,0,0,1,0,0,0,0,0,0,0,0,0,0,0,0,0,0,1,0,0,0,0,2,1,1,0,0,0,0,0,1,0,0,0,0,0,0,0,0,1,212917.39,451758.97
2769732328,0,0,0,0,0,0,1,0,1,0,0,0,6,0,0,1,4,7,3,2,9,4,3,2,1,1,3,0,0,0,4,0,0,1,1,1,0,1,0,2,0,1,0,7,3,3,1,6,8,7,213517.96,452439.18
2769732337,0,0,0,0,0,0,0,0,1,0,2,0,0,1,0,0,0,0,1,0,0,1,0,0,0,0,0,0,1,0,0,0,0,0,1,0,0,0,0,0,0,0,0,0,0,0,0,0,0,1,213239.67,452443.74
2769732343,0,0,1,0,5,0,0,7,0,0,0,0,0,0,0,2,0,0,5,0,7,1,1,7,0,3,1,1,0,0,0,2,0,0,0,5,6,0,7,2,5,7,0,4,0,0,0,0,0,0,213242.67,452467.92
2903266814,0,0,0,0,0,0,0,0,0,0,0,0,0,0,0,0,0,0,0,0,0,0,0,0,0,0,0,0,0,0,0,1,0,0,0,0,0,0,0,0,0,0,0,0,0,0,0,0,0,0,211806.67,452708.18
292572191,0,0,0,0,0,0,0,0,1,0,0,0,1,1,0,0,0,0,0,1,1,0,0,0,0,1,3,0,0,2,2,0,0,1,0,0,0,0,1,0,1,0,1,0,0,1,0,0,0,1,212668.8,452791.37
292572192,0,0,0,0,0,0,0,0,0,0,0,0,0,0,0,0,0,0,0,0,0,1,0,0,0,0,0,0,1,0,1,0,0,0,0,0,0,0,0,0,0,0,0,0,0,0,0,1,0,0,212771.16,452859.7
292572193,0,0,0,0,0,0,0,0,0,0,0,1,0,0,0,0,0,0,0,0,0,0,0,1,0,1,0,0,1,2,0,1,0,1,1,0,0,0,0,0,0,0,1,1,0,2,0,1,0,0,212879.67,452955.22
292572194,0,0,0,0,0,1,0,0,0,0,0,0,0,0,0,0,0,0,2,0,0,0,1,0,0,0,1,0,1,0,0,0,0,0,0,0,0,0,1,1,0,0,0,0,0,1,0,0,0,1,212933.76,453002.14
292572196,0,0,3,1,2,0,0,0,0,1,1,1,0,0,0,0,0,0,2,0,0,2,2,0,2,3,0,0,2,2,3,1,1,1,1,2,1,1,2,0,0,0,3,0,3,0,0,1,2,0,212865.17,453062.84
292578363,0,0,0,0,0,0,0,0,0,0,0,0,0,0,0,1,0,0,0,0,1,0,2,0,1,1,1,2,2,1,0,0,2,0,0,1,0,0,0,3,0,0,1,1,0,1,0,0,2,1,212783.18,452600.02
292578419,0,0,0,1,1,1,1,0,0,0,0,0,0,0,1,0,0,0,0,2,0,0,0,0,0,2,1,1,1,1,2,0,0,0,0,0,0,0,0,1,0,0,0,0,1,0,1,0,0,0,212983.09,452757.41
292578428,0,0,0,0,2,0,0,0,0,0,0,0,0,0,0,0,0,0,0,0,0,0,1,0,1,0,1,1,1,1,0,1,0,0,0,0,0,0,0,0,0,0,0,2,1,0,3,1,0,1,212985.23,452661.13
292580629,0,0,0,0,0,0,0,0,0,0,0,0,0,0,0,0,0,0,0,0,0,0,0,0,0,0,0,0,1,0,0,0,0,0,0,0,0,0,1,0,0,1,0,0,0,0,0,0,0,0,212975.58,453148.31
292580630,0,0,0,1,1,1,0,0,0,0,0,0,0,0,0,0,0,0,0,1,0,0,0,0,0,0,0,0,0,0,1,0,0,0,0,0,0,1,0,0,0,0,0,1,0,0,1,0,0,0,213060.08,453079.38
292580631,0,0,0,0,0,0,2,0,0,0,0,0,0,1,0,0,0,0,0,2,0,0,0,0,0,0,0,1,0,1,0,0,1,0,0,1,0,2,0,0,1,0,1,0,1,0,0,0,0,0,213137.09,453009.2
292581823,0,0,0,1,0,0,0,0,0,0,0,1,1,0,0,0,0,0,0,0,0,1,2,0,0,0,1,0,0,0,0,1,0,0,0,0,0,0,0,1,0,0,0,1,0,1,0,2,0,0,213003.37,452909.46
292581825,0,0,0,0,0,0,0,0,0,0,1,0,0,0,0,0,0,0,0,0,0,0,0,0,0,0,0,0,0,0,0,0,0,0,0,0,0,0,0,0,0,0,0,0,0,0,0,0,0,0,212992.66,453011.49
292581826,0,0,0,0,0,0,0,0,0,0,0,0,0,0,0,0,0,0,0,0,0,0,0,0,0,0,1,0,0,1,0,0,0,0,0,0,1,0,0,0,0,0,0,1,0,1,0,0,0,0,212957.99,452977.82
292584327,0,3,1,0,0,0,1,0,2,1,2,2,0,0,0,0,0,4,0,0,2,0,0,3,5,6,0,4,4,2,3,0,1,2,2,1,0,4,0,0,2,4,0,3,3,1,1,1,0,1,212753.9,453185.88
292588757,0,0,0,0,0,0,0,0,0,0,0,0,0,0,0,0,0,0,0,0,0,0,0,0,0,0,0,0,0,0,0,1,0,0,0,0,0,0,0,0,0,0,0,0,0,0,0,0,0,0,212887.46,453208.15
30503242,0,0,1,10,0,5,5,0,7,4,5,4,6,5,2,1,6,1,1,1,0,2,0,3,0,0,1,0,2,9,1,1,4,2,3,3,3,3,7,1,3,5,10,0,6,0,2,7,1,1,211811.17,452200.19
30503246,0,0,0,0,0,0,0,0,3,4,1,4,1,2,4,1,4,1,3,4,0,0,3,0,0,0,0,0,0,3,0,1,1,0,1,0,0,0,0,4,2,0,4,0,2,4,0,3,0,1,213383.65,452432.38
305559015,0,0,0,0,0,0,0,0,0,0,0,0,0,0,0,1,0,0,0,0,0,0,0,0,0,0,0,0,0,0,0,0,0,0,0,0,0,0,0,0,0,0,0,0,1,0,0,0,0,0,211778.49,451535.7
305559019,0,0,0,0,0,0,0,0,0,0,0,0,0,0,0,0,0,0,0,0,0,0,0,0,0,0,0,0,0,0,0,0,0,0,0,0,0,1,0,0,0,0,0,0,0,0,0,0,0,0,211142.16,451677.01
30624890,0,0,0,0,0,0,0,0,0,1,1,0,0,0,0,0,1,0,0,0,0,0,0,5,4,0,5,5,0,2,0,0,0,0,0,0,2,0,0,1,0,0,0,1,0,1,0,0,0,2,212995.87,453415.56
30624895,0,0,0,0,0,0,0,0,0,0,0,0,0,0,0,0,1,1,0,0,0,0,0,0,0,0,0,0,0,0,1,0,1,0,0,0,0,0,0,0,0,0,1,0,0,1,0,0,0,0,213275.3,452902.44
30624897,0,0,1,0,0,2,1,0,0,0,0,2,0,0,1,2,1,0,0,0,1,1,1,1,3,0,1,0,2,1,0,1,0,1,0,1,0,0,2,0,0,0,1,0,0,2,0,1,0,0,213349.81,452646.72
30624898,0,0,0,0,0,0,0,0,0,0,0,0,0,0,0,1,0,0,0,0,1,0,0,0,0,1,0,0,0,0,0,0,0,0,0,0,0,0,0,0,0,0,0,0,0,0,0,0,0,0,213385.29,452459.55
307619666,0,0,0,0,0,0,0,0,0,0,0,0,1,0,0,0,0,0,0,0,0,0,0,0,0,0,0,0,0,0,0,0,0,0,0,0,0,0,0,0,0,0,0,0,0,0,0,0,0,0,212150.49,452323.38
3079046105,0,0,0,0,0,0,0,0,0,0,0,0,0,0,1,0,0,0,1,0,0,1,0,0,0,0,4,0,0,0,0,2,0,0,0,0,0,0,0,0,0,0,0,0,0,0,0,0,0,1,211841.83,451199.27
308796066,0,0,0,0,0,0,0,0,0,0,1,0,0,0,0,0,0,0,0,0,0,0,0,0,0,0,0,0,0,0,0,1,0,0,0,0,1,0,0,0,0,0,0,1,0,0,0,0,0,0,211706.63,451607.94
310446273,0,0,0,0,0,0,0,0,0,0,0,0,0,0,0,0,0,0,0,0,0,0,0,0,2,0,0,0,0,0,0,0,0,0,0,0,0,0,0,0,0,0,0,0,0,0,1,0,0,0,213638.08,451986.8
310985749,0,0,0,0,0,0,0,1,0,0,0,0,0,0,0,0,0,1,0,0,0,0,0,0,0,0,0,0,0,0,0,0,0,0,0,0,0,0,0,1,0,0,0,0,0,0,1,0,0,0,212242.08,452459.74
311487344,0,0,0,0,0,0,0,0,0,0,0,0,0,0,0,0,0,0,0,0,1,0,0,0,0,0,0,0,0,0,0,0,0,0,0,0,0,0,0,0,0,0,0,0,0,0,0,0,0,0,213379.72,452399.07
313321254,0,0,0,0,0,0,0,0,0,0,0,0,0,0,0,0,0,0,0,0,0,1,0,0,0,0,0,0,0,0,0,0,0,0,0,0,1,1,0,0,0,0,0,0,0,0,0,0,0,0,211894.68,452070.56
320006200,0,0,0,0,0,0,1,0,0,0,0,2,0,0,0,0,2,0,0,0,0,0,0,0,0,0,0,4,0,1,1,1,3,0,1,0,0,0,0,2,0,0,0,0,0,3,1,2,0,1,212796.28,451535.51
320006202,0,0,0,0,0,0,0,0,0,0,0,0,0,0,0,0,0,0,0,0,0,0,0,0,0,1,1,1,1,0,0,0,2,0,1,0,0,0,0,0,0,0,0,0,2,0,0,2,0,0,212886.36,451535.12
320006204,0,0,0,0,0,0,0,0,0,1,1,0,1,1,0,0,0,1,0,0,0,2,0,1,0,0,0,2,0,4,3,2,0,0,0,0,3,0,0,0,0,0,2,0,1,2,0,2,0,1,212703.76,451528.74
322888900,0,0,0,0,0,0,0,0,0,0,0,0,0,0,1,0,0,0,0,0,0,0,0,0,0,0,0,0,0,0,0,0,0,0,0,1,1,0,0,0,0,0,0,0,0,0,0,0,0,0,212145.37,451643.22
32564060,0,0,0,0,0,0,0,0,0,0,0,0,0,0,0,0,0,0,0,0,0,0,0,0,1,0,0,0,0,0,0,1,0,0,0,0,0,0,0,1,0,0,0,0,0,0,0,0,0,0,213618.56,452667.45
32564122,0,0,0,1,0,0,2,1,1,0,0,1,0,1,1,3,4,0,1,4,2,3,5,0,3,1,0,2,2,2,1,2,2,4,2,5,5,13,5,6,10,2,2,1,1,4,0,3,2,5,213220.84,451881.96
32564123,0,0,0,0,1,0,0,0,1,0,0,1,1,0,0,1,0,1,0,0,0,1,1,0,1,1,1,0,0,0,2,0,0,0,1,3,1,0,4,0,2,4,0,2,0,0,0,2,1,2,213281.6,452005.7
356694630,0,0,0,0,1,0,0,0,0,0,1,0,2,0,0,1,0,2,0,0,0,0,0,0,0,0,1,0,0,0,2,1,0,2,0,2,1,0,2,0,1,0,0,0,0,0,0,0,2,0,211644.12,451841.31
356700154,0,0,0,0,0,0,0,0,0,0,0,0,0,0,0,0,0,0,0,0,0,0,0,0,0,0,0,0,0,0,1,0,0,0,0,0,0,0,0,0,0,0,0,0,0,0,0,1,0,0,211841.38,451523.59
364442178,0,0,0,0,0,0,0,0,0,0,0,0,0,0,0,0,1,0,0,0,0,0,0,0,0,0,0,0,0,0,0,0,1,0,0,0,0,0,0,0,1,0,0,0,0,0,0,0,0,1,211736.94,451276.89
364443218,0,0,0,0,0,0,0,0,0,0,0,0,0,0,0,0,0,0,0,0,0,0,0,0,0,0,0,0,0,0,0,0,0,0,0,0,0,0,0,0,0,0,0,0,0,0,0,0,1,0,211685.52,451514.21
364443388,0,0,0,0,0,0,0,0,0,0,0,0,0,0,0,0,0,0,0,0,0,0,0,0,0,0,0,0,0,0,0,0,0,0,0,0,0,0,0,0,0,0,0,0,0,0,1,1,0,0,211559.4,451534.55
364443429,0,0,0,0,0,0,0,0,0,0,0,0,0,1,0,0,0,0,0,0,0,0,0,0,0,0,0,0,0,0,0,0,1,0,0,0,0,0,0,0,0,0,0,0,0,0,0,0,0,0,211675.05,451458.2
364443525,0,0,0,0,0,0,0,0,0,0,0,0,0,0,0,0,0,0,0,0,0,0,0,0,0,0,0,0,0,0,0,0,0,0,2,0,0,0,0,0,0,0,1,0,0,0,1,0,0,0,211676.57,451401.65
364443653,0,0,0,0,0,0,0,0,0,0,0,0,0,0,0,0,0,0,0,0,0,0,0,0,0,0,0,0,0,0,0,0,0,2,0,0,0,0,0,0,0,1,0,0,0,0,0,0,0,0,211622.35,451384.29
371774881,0,0,2,0,0,0,0,1,2,0,0,2,0,0,0,0,0,1,0,0,1,0,0,1,4,0,1,0,0,1,1,0,0,0,3,0,0,1,2,0,5,1,4,1,2,0,1,1,0,0,213665.4,452155.71
4301348943,0,0,0,0,1,0,0,0,0,0,1,0,0,2,0,0,0,1,0,0,0,0,0,0,0,0,0,0,1,0,1,2,1,1,0,0,0,0,0,0,1,0,0,0,0,0,2,1,0,0,212480.59,451686.09
434068771,0,0,0,0,0,0,0,1,1,0,0,0,1,0,0,1,0,1,0,0,1,1,0,7,1,0,0,0,0,0,0,1,0,6,1,0,6,0,3,1,0,3,0,1,0,0,1,0,0,2,211387.33,451949.58
497583472,0,0,0,0,0,0,0,0,0,0,0,0,0,0,0,0,0,0,0,0,0,0,0,0,0,0,0,0,0,0,0,0,0,0,0,0,0,1,0,0,0,0,0,0,0,0,0,0,0,0,212275.97,452434.88
497590080,0,0,0,0,0,0,1,1,0,2,0,1,1,0,0,0,0,0,0,2,0,2,0,1,2,3,3,3,3,3,0,2,0,0,2,0,0,1,3,1,0,4,1,0,2,1,0,1,2,1,212484.19,453008.69
497590081,0,0,0,0,0,0,0,1,0,0,0,0,0,0,1,0,0,0,0,0,2,1,2,0,0,0,0,0,0,0,0,1,0,1,0,0,1,0,0,0,0,1,0,1,0,0,0,1,0,1,213254.25,452951.85
497590082,0,0,0,0,0,0,0,0,1,0,0,0,0,2,0,0,0,0,0,0,0,1,0,0,0,0,1,0,0,0,0,1,1,0,0,0,0,1,1,0,0,0,0,0,0,1,0,0,0,0,213359.56,452604.78
497590083,0,0,0,0,0,1,0,0,0,0,0,0,1,0,0,1,1,1,0,0,0,0,1,0,0,0,0,0,0,0,0,0,0,0,0,0,0,0,0,0,0,0,0,0,1,0,0,0,0,0,213174.04,452604.78
497590084,0,0,0,0,0,0,0,0,0,0,0,0,0,0,0,0,0,0,1,0,1,2,1,2,1,0,0,0,0,0,0,0,0,0,0,0,1,0,2,2,0,1,2,0,0,0,0,0,0,0,213179.54,452472.21
497590085,0,0,0,0,0,0,0,0,0,0,0,0,0,0,0,0,0,0,0,0,0,0,0,0,0,0,0,0,0,0,0,0,0,0,0,0,0,0,0,0,0,1,0,0,0,0,0,0,0,0,213037.54,452831.86
497590087,0,0,0,0,0,0,0,0,0,0,0,0,1,0,0,1,0,0,0,0,0,0,0,1,0,0,0,0,0,0,0,0,0,0,0,0,1,0,0,0,0,0,0,0,0,0,1,0,0,0,213154.37,452892.71
497590089,0,0,0,0,1,1,0,0,0,0,0,0,1,1,0,0,0,0,0,0,1,0,0,2,0,0,0,1,0,0,1,0,2,0,1,0,0,0,1,0,1,0,0,0,1,0,1,0,0,0,213204.93,452924.09
497590113,0,0,0,0,0,0,0,0,0,0,0,0,0,1,0,0,1,0,0,0,0,0,0,0,0,0,0,0,0,0,0,0,0,1,0,0,0,0,0,0,0,0,0,0,0,0,1,0,0,0,213193.94,452702.34
497590122,0,0,0,0,0,1,0,0,0,0,0,0,0,0,0,1,0,0,1,0,1,0,1,3,0,2,0,0,0,0,0,0,0,0,1,1,1,1,0,0,1,0,0,4,0,4,0,1,0,0,212501.65,452519.66
497590134,0,0,0,0,0,0,0,0,1,0,0,0,0,0,0,0,0,0,0,0,1,0,0,0,0,0,1,0,0,0,0,0,0,0,0,0,0,0,0,0,0,0,0,0,0,0,0,0,0,0,212380.98,452437.25
497590155,0,0,0,0,0,0,0,1,0,0,0,0,0,0,0,0,0,0,0,0,0,0,0,0,0,0,0,0,0,0,0,0,0,0,0,0,0,0,0,0,0,0,0,0,0,0,0,0,0,0,213088.37,452668.09
497590173,0,0,0,0,0,0,0,0,0,0,0,1,0,0,0,0,0,0,1,1,1,2,0,0,1,0,1,0,0,1,0,0,0,0,0,0,0,0,0,0,0,0,0,1,0,0,1,0,2,0,212358.0,452826.05
497590178,0,0,0,0,0,0,0,0,3,0,1,3,0,0,0,0,0,0,0,1,0,1,1,4,0,1,5,0,1,0,0,0,0,0,0,1,0,0,1,0,2,5,0,2,0,3,2,2,0,0,212451.24,452757.87
497590182,0,0,0,0,0,0,0,1,0,1,5,0,1,0,0,0,1,2,1,1,3,0,5,2,0,5,0,4,1,0,0,0,0,0,2,0,0,5,0,2,5,0,9,1,3,5,0,2,0,4,212574.83,452585.22
497590188,0,0,0,0,0,0,0,2,1,0,0,0,0,0,2,0,0,0,0,1,0,0,5,0,3,0,0,0,0,1,0,0,0,0,0,0,1,0,0,5,0,0,2,1,6,0,1,1,0,0,212747.44,452404.17
497590907,0,0,0,1,1,0,0,0,1,0,0,0,0,0,0,0,0,0,0,0,0,0,0,1,0,0,0,0,0,0,0,0,0,0,0,0,0,0,0,0,0,0,0,0,0,0,0,1,0,0,213095.21,453261.13
503422237,0,0,0,0,0,0,0,0,0,0,0,0,0,0,0,0,1,0,0,0,0,0,0,0,0,0,0,0,1,0,0,0,0,0,0,0,0,0,1,0,0,0,0,0,0,1,0,0,0,0,212241.02,452551.13
503422242,0,0,0,0,0,0,0,0,0,0,0,0,1,0,1,0,0,0,0,0,0,0,0,0,0,1,2,0,0,3,1,0,0,0,0,0,0,0,0,0,0,0,1,0,0,1,0,1,0,0,212559.56,452908.0
5497313246,0,0,0,0,0,2,0,0,5,3,3,4,0,9,5,0,12,9,5,6,2,2,1,0,1,0,0,1,2,1,0,1,0,1,0,1,1,5,0,8,0,3,1,0,9,5,1,4,0,0,213125.07,452245.12
60044025,0,0,0,0,0,0,0,2,0,2,3,0,2,2,0,1,0,0,0,0,3,0,1,0,0,4,0,1,5,0,3,0,0,1,0,1,1,0,1,0,0,0,0,3,1,1,0,0,2,0,211998.78,453156.02
683260762,0,0,0,0,0,0,0,0,0,0,0,0,0,0,1,0,0,0,0,0,0,0,0,0,0,0,1,0,0,0,0,0,1,0,0,0,0,0,0,0,0,0,0,0,0,1,0,0,0,0,212173.41,452984.81
683260864,0,0,0,0,0,0,0,0,0,0,0,0,0,0,0,0,0,0,0,0,1,0,0,0,0,0,0,0,0,0,0,0,1,0,0,0,0,0,0,0,0,0,0,0,0,0,1,0,0,0,212826.05,452907.44
690288770,0,0,0,0,0,0,2,0,0,1,0,0,0,0,0,1,0,1,0,0,0,0,0,0,0,0,0,0,0,1,0,0,0,0,1,1,0,0,0,1,0,0,0,0,0,0,0,0,1,0,213435.07,453003.92
765868917,0,0,0,0,0,0,0,0,0,0,1,1,1,1,0,1,0,2,3,1,0,0,0,0,1,0,2,0,0,2,3,0,1,2,5,1,1,0,2,0,2,3,0,0,0,0,0,3,0,3,212582.3,451989.92
765868918,0,0,0,0,0,0,0,0,0,0,1,0,1,2,2,1,3,2,0,0,0,0,0,0,0,0,0,2,2,1,3,5,3,1,3,7,7,2,0,4,5,1,4,1,0,0,3,3,3,2,212337.95,452079.8
89127267,0,0,0,2,3,3,1,1,0,0,1,1,0,0,2,1,0,0,0,0,1,0,0,0,0,1,0,1,1,1,0,2,2,2,0,1,1,0,0,0,1,1,0,0,1,0,0,0,1,0,213240.97,452982.48
89173755,0,0,0,0,0,0,0,0,0,0,0,0,1,0,0,0,0,0,0,0,0,0,0,0,0,0,0,0,0,0,0,0,0,0,0,0,0,0,0,0,0,0,0,0,0,0,0,0,0,0,211775.72,451853.73
89173763,0,0,0,1,0,0,0,0,1,0,0,2,0,1,2,0,2,0,0,0,0,3,0,1,0,1,0,1,0,1,3,1,3,0,2,0,1,1,0,1,3,0,0,0,0,0,0,0,0,0,211756.54,451796.68
89173808,0,0,0,0,0,1,0,1,1,0,1,0,1,0,0,0,1,1,0,0,1,0,0,1,0,2,0,0,0,0,1,0,0,2,0,2,3,0,0,0,3,3,0,2,0,0,1,0,0,0,211776.71,451176.17
98101378,0,0,0,0,0,0,0,0,0,0,0,1,0,0,0,0,0,0,0,0,0,1,2,0,4,0,0,1,0,0,1,0,2,0,3,3,0,6,0,1,8,0,3,0,0,0,0,1,0,0,213809.54,452248.72
cluster_1041665625_cluster_1387938793_1387938796_cluster_1757124361_1757124367_32564126,0,1,0,0,2,0,0,0,0,0,1,2,0,4,5,0,0,0,0,0,0,0,0,1,3,1,2,5,0,1,3,0,0,0,0,0,0,1,0,0,0,0,3,0,1,2,0,2,0,0,213023.53,451299.65
cluster_1427494838_273472399,0,0,0,0,0,1,3,2,0,0,0,1,1,0,0,0,0,0,0,0,1,1,0,1,2,0,2,2,1,0,0,1,0,0,1,0,1,1,0,0,2,0,0,2,0,0,1,0,0,0,213033.65,453360.65
cluster_1500083093_1500083101_1507566574_267783912,0,0,0,0,0,0,0,0,0,0,0,0,0,0,0,0,0,0,0,0,0,0,1,0,0,0,0,0,0,1,0,1,0,1,0,0,0,0,0,0,0,0,0,0,0,0,0,0,0,0,212021.04,451702.13
cluster_1526094852_194342371,0,0,2,0,0,2,0,1,1,0,1,2,1,0,0,6,1,0,0,1,1,0,1,2,0,5,7,1,9,7,4,8,0,1,0,0,0,1,1,0,0,0,0,4,4,1,5,0,2,5,212969.58,451449.54
cluster_1815670941_305559016,0,0,0,0,0,0,0,0,0,0,0,1,1,0,0,0,0,0,0,0,0,0,0,0,0,0,0,0,0,0,0,0,0,0,0,0,0,0,0,0,0,0,0,0,1,0,0,0,1,1,211690.95,451554.93
cluster_1833965782_1833965806_371781950_cluster_32564118_371775504,0,0,0,0,1,0,3,0,1,1,3,2,0,0,0,2,1,1,0,0,2,3,2,10,0,3,0,3,3,2,1,4,1,5,1,0,14,0,5,6,0,11,3,3,1,2,6,0,0,1,213399.24,452062.11
cluster_1839947197_277421914,0,0,0,0,0,0,0,0,0,0,0,0,0,0,0,0,0,0,0,0,0,0,0,1,0,0,0,0,0,0,0,0,0,0,0,0,0,0,0,0,0,0,0,0,0,0,0,0,0,0,212560.5,451213.85
cluster_1840209209_268417350,0,0,0,0,0,7,17,12,8,14,11,15,27,15,23,22,24,21,9,9,6,3,5,3,0,9,6,6,3,3,4,4,8,5,5,13,8,14,8,2,11,10,21,16,10,14,11,14,10,10,212852.99,452415.03
cluster_1840209252_292578437,0,0,1,0,0,1,1,0,4,0,0,0,1,0,5,3,2,1,0,1,3,6,0,2,1,0,4,1,0,0,0,1,0,0,1,0,6,4,2,7,1,4,5,1,3,5,1,4,1,0,213026.06,452484.71
cluster_1863241547_1863241548_1976170214,0,0,0,1,0,0,1,2,0,2,3,2,3,2,3,2,1,2,0,2,0,0,2,3,1,1,0,2,3,2,3,0,4,1,3,1,1,4,2,2,3,4,3,2,1,3,3,1,3,2,211891.64,452219.51
cluster_2043172766_2043172767_2071663041,0,0,0,0,0,0,0,0,0,1,0,1,0,1,2,0,1,0,1,2,0,3,1,0,1,1,4,1,0,2,0,1,3,0,0,0,0,3,0,0,1,0,1,0,2,1,0,1,0,1,211641.52,452890.24
cluster_2229700350_456368155,0,0,0,0,0,0,0,0,1,0,0,3,0,2,2,0,3,0,0,2,3,1,1,0,5,0,6,2,0,2,0,0,1,0,0,0,0,0,0,4,2,0,6,0,4,5,0,13,2,0,211440.39,452103.95
cluster_2302665030_2337351369,0,0,0,0,1,2,1,0,0,0,0,1,0,0,0,0,1,1,1,1,0,0,0,1,0,0,0,0,0,1,0,0,1,1,0,0,0,1,0,0,0,1,1,0,0,0,1,1,1,0,211969.34,452776.25
cluster_274083968_cluster_1200364014_1200364088,0,0,0,0,0,2,0,1,1,1,1,0,1,0,0,3,0,0,0,0,0,0,0,0,0,3,2,1,4,0,3,3,0,1,0,0,0,1,0,0,0,0,0,2,0,2,1,1,1,1,212989.97,451459.17
cluster_306484187_cluster_1200363791_1200363826_1200363834_1200363898_1200363927_1200363938_1200363947_1200364074_1200364103_1507566554_1507566556_255882157_306484190,0,0,0,0,0,0,0,0,0,0,0,0,1,1,1,0,0,0,0,0,0,0,1,0,0,0,0,1,0,0,1,3,3,0,0,0,0,0,0,0,0,0,0,0,0,0,0,0,2,0,213035.92,451601.45
cluster_336359446_470954969,0,0,0,0,0,0,0,0,0,0,0,0,0,0,0,0,0,1,0,0,0,0,0,0,0,0,0,0,0,0,0,0,0,0,0,0,0,0,0,0,0,0,0,0,0,0,0,0,0,0,211788.98,451129.28
cluster_371462086_469470779_98101387_cluster_371462067_371775459_371775468,0,0,0,0,1,3,0,1,0,4,5,0,0,0,1,2,0,0,0,0,2,0,4,3,0,1,0,1,1,0,1,0,2,3,3,2,3,0,1,4,2,5,4,7,2,0,4,2,2,1,213588.57,452098.97
cluster_497590130_656751589,0,0,0,0,0,0,0,2,1,0,0,3,1,1,0,2,1,2,1,1,1,2,4,1,1,1,0,2,3,0,0,0,0,0,0,0,0,2,3,2,2,2,1,2,7,1,2,1,1,4,212578.61,452333.17
gneJ10,0,0,0,0,0,0,0,0,0,0,0,0,0,0,1,0,0,0,0,0,0,0,0,0,0,0,0,0,0,0,0,0,0,0,1,0,0,0,1,0,0,0,0,0,0,0,0,0,0,0,211891.86,452188.19
gneJ11,0,0,0,0,0,0,0,0,0,0,0,0,0,0,0,0,0,0,0,0,0,0,0,0,0,0,0,0,0,0,0,0,0,0,0,0,0,0,0,0,1,0,0,0,0,0,0,0,0,0,211892.55,452102.2
gneJ12,0,0,0,0,0,0,0,0,0,0,0,0,0,0,0,0,0,0,0,0,0,0,0,0,0,0,0,0,0,0,0,0,0,0,0,0,0,0,0,0,0,0,0,0,0,0,0,0,1,0,211896.13,452046.01
gneJ127,0,0,0,0,0,0,0,2,1,0,0,1,2,2,0,0,1,1,0,0,0,0,0,0,0,1,6,0,0,1,1,0,0,0,2,0,0,0,1,7,0,0,2,1,5,0,0,1,0,0,213517.45,452080.24
gneJ129,0,0,0,0,1,0,1,1,0,1,2,0,0,1,0,0,2,0,1,1,1,1,1,0,2,2,1,0,0,1,0,1,2,2,0,2,0,0,1,5,1,1,1,2,2,1,1,0,3,1,211732.56,451158.93
gneJ133,0,0,0,0,0,0,0,0,0,0,0,0,0,0,0,0,0,0,0,0,0,0,1,0,0,0,0,0,0,0,0,0,0,0,0,0,0,0,0,0,0,0,0,0,0,0,0,0,0,0,211899.76,451740.44
gneJ14,0,0,0,0,0,0,0,0,0,0,0,0,0,0,0,0,1,0,0,0,0,0,0,0,0,0,0,0,0,0,0,0,0,0,0,0,0,0,0,1,0,0,0,0,0,0,0,0,0,0,213272.52,452016.64
gneJ182,0,0,0,0,0,0,0,0,0,0,0,0,0,1,0,0,0,0,0,0,0,0,0,0,0,0,0,0,0,0,0,0,0,0,0,0,0,0,0,0,0,0,0,0,0,0,0,0,0,0,213341.52,451638.46
gneJ21,0,0,0,0,0,0,0,0,0,0,0,1,1,0,0,0,2,1,1,0,1,3,0,0,2,2,0,0,0,2,1,1,0,0,2,0,0,0,0,6,0,0,0,1,3,0,0,1,3,1,211779.55,452558.81
gneJ22,0,3,0,6,0,0,4,0,4,2,0,7,0,1,1,0,3,0,1,0,0,0,1,0,1,0,3,1,0,0,0,1,1,0,6,1,0,2,0,5,1,0,0,0,0,2,0,7,0,1,211805.72,452496.12
gneJ23,0,0,0,0,0,0,1,0,0,1,0,1,0,0,0,0,1,0,0,0,0,0,0,0,0,0,0,2,0,1,1,0,1,0,2,0,0,1,0,0,0,0,1,0,0,2,0,1,1,0,211823.4,452452.84
gneJ25,0,0,0,0,0,0,0,0,0,0,1,0,0,0,0,0,1,0,0,0,1,0,1,0,1,0,0,1,0,0,0,0,0,0,0,0,0,0,0,0,0,1,0,0,1,0,1,0,0,1,212259.57,452906.34
gneJ254,0,0,0,0,0,0,0,0,0,1,0,0,0,0,0,0,0,0,0,0,0,0,0,0,0,0,0,0,0,1,0,0,0,0,0,0,0,0,0,0,0,0,0,0,0,0,0,0,0,0,213068.54,451635.56
gneJ26,0,0,0,0,0,0,0,0,0,0,0,0,0,1,1,0,0,0,0,0,0,1,0,2,0,0,0,2,0,1,3,6,9,5,4,0,0,0,0,0,0,0,0,0,0,0,0,0,0,1,212804.38,452496.0
