final_edge,coord_x,coord_y,Step 0,Step 1,Step 2,Step 3,Step 4,Step 5,Step 6,Step 7,Step 8,Step 9,Step 10,Step 11,Step 12,Step 13,Step 14,Step 15,Step 16,Step 17,Step 18,Step 19,Step 20,Step 21,Step 22,Step 23,Step 24,Step 25,Step 26,Step 27,Step 28,Step 29,Step 30,Step 31,Step 32,Step 33,Step 34,Step 35,Step 36,Step 37,Step 38,Step 39,Step 40,Step 41,Step 42,Step 43,Step 44,Step 45,Step 46,Step 47,Step 48,Step 49
-104010328,212925.675,451536.04500000004,0,0,0,0,0,0,0,0,0,0,0,0,0,0,0,0,0,0,0,0,0,0,0,0,0,0,0,0,1,0,0,0,0,0,0,0,0,0,0,0,0,0,0,0,0,0,0,0,0,0
-10427692#1,211756.24,451810.83,0,0,0,1,0,0,0,0,1,0,0,0,0,1,1,0,0,0,0,0,0,1,0,0,0,0,0,0,0,1,2,0,1,0,0,0,0,0,0,0,2,0,0,0,0,0,0,0,0,0
-10427692#4,211790.76,451894.065,0,0,0,0,0,0,0,0,0,0,0,0,1,0,0,0,0,0,0,0,0,0,0,0,0,0,0,0,0,0,0,0,0,0,0,0,0,0,0,0,0,0,0,0,0,0,0,0,0,0
-10427692#7,211892.21,451974.43,0,0,0,0,0,0,0,1,0,0,0,0,1,0,0,0,0,0,0,0,0,0,0,0,0,0,0,0,1,0,0,0,1,0,0,0,0,0,0,0,1,0,1,0,0,0,0,0,0,0
-120125554,212011.22999999998,451854.155,0,0,0,0,0,0,0,0,0,0,0,0,0,0,0,0,0,0,0,0,0,0,0,0,0,0,0,0,0,1,0,0,0,0,0,0,0,0,0,0,0,0,0,0,0,0,0,0,0,0
-128361102#1,211574.195,451873.555,0,0,0,0,0,0,0,1,1,0,0,0,1,0,0,1,0,1,0,0,1,1,0,7,1,0,0,0,0,0,0,1,0,6,1,0,6,0,3,1,0,3,0,1,0,0,1,0,0,2
-129379918#1,213255.08,452961.7,0,0,0,0,0,0,0,0,0,0,0,0,0,0,1,0,0,0,0,0,0,0,0,0,0,0,0,1,0,0,0,0,0,2,0,0,0,0,0,0,0,0,0,0,0,0,0,0,0,0
-129379921#1,213055.315,453339.37250000006,0,0,0,0,0,1,0,0,0,0,0,0,0,0,0,0,0,0,0,0,0,0,0,0,0,0,0,0,0,0,0,0,0,0,0,0,0,0,0,0,0,0,0,0,0,0,0,0,0,0
-129379925,213263.1975,452946.7975,0,0,0,0,0,0,0,0,0,0,0,0,0,0,0,0,0,0,0,0,0,0,2,0,0,0,0,0,0,0,0,0,0,0,0,0,0,0,0,0,0,0,0,0,0,0,0,0,0,0
-136436466,213391.19,452453.57999999996,0,0,0,0,0,0,0,0,0,0,0,0,0,0,0,1,0,0,0,0,1,0,0,0,0,1,0,0,0,0,0,0,0,0,0,0,0,0,0,0,0,0,0,0,0,0,0,0,0,0
-136436468#2,212751.855,452576.76,0,0,0,0,0,0,0,0,0,0,0,0,0,0,0,0,0,0,0,0,0,0,0,0,0,0,0,0,0,1,0,0,0,0,0,0,0,0,0,0,0,0,0,0,0,0,0,0,0,0
-136728347#4,212248.91,451667.31,0,0,0,1,0,1,0,0,4,0,0,1,0,1,0,1,0,0,5,1,0,1,0,1,0,0,0,0,3,4,1,2,7,0,2,2,2,0,1,0,0,0,0,0,0,0,2,2,0,2
-137454133#5,212076.175,452411.33999999997,0,0,0,0,0,0,0,0,0,1,0,0,0,0,0,0,0,0,0,0,0,0,0,0,0,0,0,0,0,0,0,0,0,0,0,0,0,0,0,0,0,0,0,0,0,0,0,0,0,0
-138300620#6,212398.945,452197.375,0,0,0,0,0,0,0,0,0,0,0,0,0,0,2,0,0,0,1,0,0,0,0,0,0,0,0,0,0,0,0,0,0,0,0,1,0,0,1,0,1,2,4,2,0,0,0,0,0,1
-160314345#0,213000.09,452198.56,0,0,0,0,0,0,1,0,0,0,0,0,1,0,0,0,0,1,0,0,1,1,0,0,0,0,0,0,0,0,0,0,0,0,1,2,4,2,0,3,1,0,0,0,0,0,2,0,0,0
-160314345#1,213049.28,452218.16000000003,0,0,0,0,0,0,0,0,1,0,1,0,0,0,0,0,0,0,0,0,0,1,0,0,0,0,0,0,0,0,0,1,0,0,0,0,0,0,0,0,0,1,0,0,0,0,1,1,0,0
-160314345#2,213174.185,452267.735,0,0,0,0,0,1,0,0,0,0,0,0,0,0,0,0,0,0,0,0,0,0,0,0,0,0,0,0,0,0,0,0,0,0,0,0,0,1,0,0,0,0,0,0,0,0,0,0,0,0
-160314345#3,213256.69,452287.95999999996,0,0,0,0,0,0,0,0,0,0,0,2,0,0,1,0,0,1,0,0,1,0,0,1,0,0,0,0,0,0,0,0,0,0,0,0,0,0,0,0,0,1,1,0,3,1,4,0,1,0
-160314345#4,213304.785,452292.475,0,0,0,0,0,0,1,0,0,1,0,0,4,2,1,0,0,0,0,2,0,0,1,0,0,0,0,0,0,1,0,0,0,0,1,0,0,0,0,0,2,1,1,5,2,1,0,1,1,0
-160314345#5,213400.235,452299.565,0,0,1,0,1,1,1,0,0,0,0,1,0,1,0,0,1,0,0,0,0,0,1,1,0,0,0,0,0,0,0,0,0,0,0,0,1,0,0,0,0,0,0,4,0,4,0,2,0,1
-164051413,212971.79,451458.195,0,0,0,0,0,0,0,0,0,0,0,0,0,0,0,0,0,0,0,0,0,0,0,0,0,0,1,0,0,0,0,0,0,0,0,0,0,0,0,0,0,0,0,0,0,0,0,0,0,1
-170018165#0,211856.56,452362.91,0,0,0,0,0,0,0,0,0,0,0,0,0,0,0,0,0,0,1,0,0,0,0,0,0,0,0,0,0,0,0,0,0,0,0,1,0,0,0,0,0,0,1,0,0,0,0,1,0,1
-170018165#2.164,211817.44,452454.73,0,0,0,0,0,0,1,0,0,1,0,1,0,0,0,0,1,0,0,0,0,0,0,0,0,0,0,2,0,1,1,0,1,0,2,0,0,1,0,0,0,0,1,0,0,2,0,1,1,0
-170018165#2.210,211840.8175,452393.6925,0,0,5,0,1,2,0,6,1,1,3,2,5,3,4,4,0,1,0,0,0,0,0,1,0,0,0,0,3,2,1,0,2,2,1,5,6,2,3,0,0,1,2,3,0,2,7,2,2,1
-170018165#3,211768.65000000002,452577.38,0,3,0,6,0,0,4,0,4,2,0,7,0,1,1,0,3,0,1,0,0,0,1,0,1,0,3,1,0,0,0,1,1,0,6,1,0,2,0,5,1,0,0,0,0,2,0,7,0,1
-170425366#6,211619.91999999998,451706.225,0,0,0,0,0,0,0,0,0,0,0,0,0,0,0,0,0,0,0,0,0,0,0,0,0,0,0,0,0,0,0,0,0,0,0,0,0,0,0,0,0,0,0,0,0,0,0,0,0,1
-174800513,212843.34,452424.39,0,0,0,0,0,1,0,2,0,0,2,0,0,0,0,3,0,0,1,0,0,0,0,2,0,3,0,0,3,0,4,0,0,2,0,3,3,1,2,0,0,0,1,0,0,0,1,0,0,1
-18809672#1,211756.27000000002,451786.225,0,0,0,0,0,0,0,0,0,0,0,2,0,0,1,0,2,0,0,0,0,2,0,0,0,0,0,1,0,0,0,1,2,0,2,0,1,1,0,1,1,0,0,0,0,0,0,0,0,0
-18809673#1.275,211768.63,451167.77,0,0,0,0,0,1,0,1,1,0,1,0,0,0,0,0,1,1,0,0,1,0,0,1,0,2,0,0,0,0,1,0,0,2,0,0,2,0,0,0,3,3,0,1,0,0,1,0,0,0
-18809673#6,211479.745,451063.45999999996,0,0,0,0,1,0,1,1,0,1,2,0,0,1,0,0,2,0,1,1,1,1,1,0,2,2,1,0,0,1,0,1,2,2,0,2,0,0,1,5,1,1,1,2,2,1,1,0,3,1
-18813598#1,211783.58,451184.0,0,0,0,0,0,0,0,0,0,0,0,0,0,0,0,0,0,0,0,0,0,0,0,0,0,0,0,0,0,0,0,0,0,0,0,1,1,0,0,0,0,0,0,0,0,0,0,0,0,0
-18813598#6,211952.47,451234.895,0,0,0,0,0,0,0,0,0,0,0,0,0,0,0,0,0,0,0,0,0,0,0,0,0,0,1,0,0,0,0,1,0,0,0,0,0,0,0,0,0,0,0,0,0,0,0,0,0,0
-18813598#7,212272.635,451347.07999999996,0,0,0,0,0,0,0,0,0,0,0,0,0,0,0,0,0,0,0,0,0,0,0,0,0,1,0,0,0,0,1,0,0,0,1,0,0,0,0,0,0,0,0,0,0,0,0,0,0,0
-18813598#8,212442.01,451336.175,0,0,0,0,0,0,0,0,0,0,0,0,0,0,0,0,0,0,0,0,0,0,0,1,0,0,0,0,0,0,0,0,0,0,0,0,0,0,0,0,0,0,0,0,0,0,0,0,0,0
-201089423#1,213217.58,451860.92,0,0,0,0,0,0,0,0,0,0,0,0,0,0,0,3,0,0,0,0,0,1,0,0,0,0,0,0,0,0,0,1,0,2,0,0,0,0,0,0,0,1,0,0,0,0,0,0,1,3
-201201945#0.78,212829.89,452448.02,0,0,0,0,0,0,0,0,0,0,0,1,2,0,3,2,3,3,0,0,0,1,2,2,5,3,4,7,9,10,7,8,7,8,9,5,7,5,1,2,3,3,0,1,4,0,1,2,0,3
-201201945#1,212772.19,452526.85,0,0,0,0,0,0,0,0,0,0,0,0,0,1,1,0,0,0,0,0,0,1,0,2,0,0,0,2,0,1,3,6,9,5,4,0,0,0,0,0,0,0,0,0,0,0,0,0,0,1
-201201945#2,212707.36,452576.885,0,0,0,0,0,0,0,0,0,0,0,0,0,0,0,0,0,0,0,0,0,0,0,0,0,0,0,1,0,0,0,0,0,0,0,0,0,0,0,0,0,0,0,0,0,0,1,0,0,0
-201201945#7,212546.95,452679.235,0,0,0,0,0,0,0,0,0,0,0,0,0,0,0,0,0,0,0,0,0,0,1,0,1,0,0,0,0,0,0,0,0,0,0,0,0,0,0,0,0,0,0,0,0,0,0,0,0,0
-201201945#8,212394.805,452796.03,0,0,0,0,0,0,0,0,0,0,1,0,0,0,0,0,0,0,0,0,0,1,1,0,0,0,0,0,0,0,0,0,0,0,0,0,0,0,0,0,0,0,0,0,0,0,0,0,0,0
-201238718#0,212919.155,452266.70499999996,0,0,0,0,0,0,0,1,0,0,0,0,0,1,0,0,0,0,1,1,0,2,0,2,0,0,1,2,0,1,1,0,3,3,3,4,4,0,0,2,1,0,2,1,0,1,1,1,1,2
-201238718#1,212859.555,452388.91000000003,0,0,0,0,0,0,0,0,0,0,0,0,0,1,0,0,0,0,1,0,1,0,0,0,1,0,0,1,0,1,0,1,0,1,0,1,1,0,0,1,0,0,0,0,0,0,0,0,0,1
-201238724,212787.97999999998,452324.53,0,0,0,0,0,0,0,0,1,0,0,1,1,1,0,0,1,0,0,0,0,0,1,1,0,0,0,0,0,0,0,0,0,0,0,0,0,0,0,0,0,1,0,0,0,1,0,2,0,0
-201238726#0.98,211888.06,452097.45,0,0,0,0,0,0,0,0,0,0,0,0,0,0,0,0,0,0,0,0,0,1,0,0,0,0,0,0,0,0,0,0,0,0,0,0,0,0,0,0,0,0,0,0,0,0,0,0,0,0
-201238726#1,211888.39,452134.725,0,0,0,0,0,0,0,0,0,0,0,0,0,0,0,0,0,0,0,0,0,0,0,0,0,0,0,0,0,0,0,0,0,0,0,0,0,0,0,0,1,0,0,0,0,0,0,0,0,0
-201950247#0,213042.17,452826.465,0,0,0,0,0,0,0,0,0,0,0,0,0,0,0,0,0,0,0,0,0,0,0,0,0,0,0,0,0,0,0,0,0,0,0,0,0,0,0,0,0,1,0,0,0,0,0,0,0,0
-201950250#1,212963.875,452974.19999999995,0,0,0,0,0,0,0,0,0,0,0,0,0,0,0,0,0,0,0,0,0,0,0,0,0,0,0,0,0,0,0,0,0,0,0,0,0,0,0,0,0,0,0,1,0,0,0,0,0,0
-201950259#3,212628.975,452832.645,0,0,0,0,0,0,0,0,1,0,0,0,1,1,0,0,0,0,0,0,1,0,0,0,0,1,2,0,0,2,2,0,0,1,0,0,0,0,1,0,0,0,1,0,0,0,0,0,0,1
-201950259#6,212518.39500000002,452955.155,0,0,0,0,0,0,0,0,0,0,0,0,1,0,1,0,0,0,0,0,0,0,0,0,0,1,2,0,0,3,1,0,0,0,0,0,0,0,0,0,0,0,1,0,0,1,0,1,0,0
-201950263#10,212821.19,453233.46499999997,0,3,1,0,0,0,1,0,2,0,2,2,0,0,0,0,0,4,0,0,2,0,0,3,5,6,0,4,4,2,3,0,0,2,2,0,0,4,0,0,1,4,0,3,2,1,1,1,0,1
-201950263#6,212614.735,453097.445,0,0,0,0,0,0,1,1,0,2,0,1,1,0,0,0,0,0,0,2,0,2,0,1,2,3,3,2,3,2,0,2,0,0,1,0,0,1,3,0,0,3,1,0,2,1,0,1,1,1
-201963522#0,211695.64500000002,451546.52,0,0,0,0,0,0,0,0,0,0,0,0,0,0,0,0,0,0,0,0,0,0,0,0,0,0,0,0,0,0,0,0,0,0,0,0,0,0,0,0,0,0,0,0,0,0,0,0,0,1
-201963522#3,211684.625,451377.905,0,0,0,0,0,0,0,0,0,0,0,0,0,0,0,0,0,0,0,0,0,0,0,0,0,0,0,0,0,0,0,0,0,0,0,0,0,0,0,0,0,0,0,0,0,0,1,0,0,0
-201963522#9,211761.165,451239.5,0,0,0,0,0,0,0,0,0,0,0,0,0,0,0,0,0,0,0,0,0,0,0,0,0,0,0,0,0,0,0,0,1,0,0,0,0,0,0,0,1,0,0,0,0,0,0,0,0,1
-201963533#0,211765.945,451799.61750000005,0,0,0,0,0,0,0,0,0,0,0,0,0,0,0,0,0,0,0,0,0,0,0,1,0,1,0,0,0,0,1,0,0,0,0,0,0,0,0,0,0,0,0,0,0,0,0,0,0,0
-201963533#1,211904.47,451741.935,0,0,0,0,0,0,0,0,0,0,0,0,0,0,0,0,0,0,0,0,0,0,1,0,0,0,0,0,0,0,0,0,0,0,0,0,0,0,0,0,0,0,0,0,0,0,0,0,0,0
-201963533#4,212028.91,451703.04,0,0,0,0,0,0,0,0,0,0,0,0,0,0,0,0,0,0,0,0,0,0,1,0,0,0,0,0,0,1,0,0,0,0,0,0,0,0,0,0,0,0,0,0,0,0,0,0,0,0
-218647947#1,212452.9,452014.34,0,0,0,0,0,0,0,0,0,0,0,0,1,2,2,1,3,2,0,0,0,0,0,0,0,0,0,2,2,1,3,5,3,1,3,7,7,2,0,4,5,1,3,1,0,0,2,2,3,2
-218647954,212214.255,451816.61,0,0,0,0,0,0,0,0,0,0,0,0,0,0,0,0,0,0,0,0,0,0,0,1,0,0,0,0,0,0,0,0,0,0,0,0,0,0,0,0,0,0,0,0,0,0,0,0,0,0
-224251776#1,211744.95,452679.58499999996,0,0,0,0,0,0,0,0,0,0,0,0,0,0,0,0,0,0,1,0,0,0,0,0,0,0,0,0,0,0,0,0,0,0,0,0,0,0,0,0,0,0,0,0,0,0,0,0,0,0
-224892339#3,212059.49,452735.56,0,0,0,0,0,0,0,0,0,0,0,0,0,0,0,1,0,1,0,1,0,0,0,0,0,1,0,0,0,0,0,0,0,0,0,0,0,0,0,0,0,0,0,1,0,0,3,0,0,0
-224892361#2,211991.16,452726.065,0,0,0,0,0,0,0,0,0,0,0,0,0,0,0,0,0,0,0,0,0,0,0,0,0,0,0,0,0,0,0,0,0,0,0,0,0,0,0,0,0,0,0,0,0,0,0,0,0,1
-224892361#6,212023.755,452514.385,0,0,0,1,0,0,1,1,0,0,0,0,0,0,1,1,0,0,0,0,0,0,0,0,0,0,0,0,0,0,0,0,1,0,0,0,0,0,0,0,0,0,0,0,0,1,0,0,1,0
-224892361#8,211868.34999999998,452383.1,0,0,0,0,0,0,0,0,0,0,0,0,0,0,0,0,1,0,0,0,0,0,0,0,1,0,0,0,0,0,0,0,0,0,0,1,0,0,0,0,0,0,1,0,0,0,0,0,0,1
-22690205#1,212726.45,451746.9,0,0,0,0,0,0,0,0,0,0,0,0,0,1,1,0,0,0,0,0,2,1,2,0,0,0,0,2,0,0,0,0,0,0,0,0,0,0,0,0,0,0,0,1,0,0,0,0,0,1
-22690205#2,212654.14,451830.13,0,0,0,0,0,0,0,0,0,0,0,0,0,0,0,0,0,0,0,0,0,0,0,0,0,0,1,0,0,0,0,0,0,0,0,0,0,0,0,0,0,0,0,0,0,0,0,0,0,0
-22690206#2,212794.565,451874.345,0,0,0,0,0,0,0,0,0,0,0,0,0,0,0,0,0,0,0,0,0,0,0,0,0,0,0,0,0,1,0,0,0,0,0,0,0,0,0,0,0,0,0,0,0,0,0,0,0,0
-22716069#0,212654.83000000002,451685.015,0,0,0,0,1,0,0,2,0,0,0,0,0,0,1,0,0,1,0,0,0,0,0,0,0,0,0,2,0,0,0,0,0,2,0,0,0,0,1,0,0,0,0,0,1,1,0,0,1,0
-22716069#1,212694.62,451565.20999999996,0,0,0,0,0,0,0,0,0,0,0,0,0,0,0,0,0,2,0,0,0,0,0,0,0,0,0,0,0,0,2,0,0,2,0,0,0,0,0,0,0,0,0,0,0,0,0,0,2,0
-22716069#2,212718.34499999997,451486.74,0,0,0,0,0,0,0,0,0,1,1,0,0,1,0,0,0,0,0,0,0,0,0,1,0,0,0,0,0,3,1,0,0,0,0,0,3,0,0,0,0,0,2,0,1,0,0,2,0,1
-22716072#3,211856.72,451727.74,0,0,0,0,0,0,2,1,0,4,3,1,1,1,1,2,1,0,0,3,7,4,4,0,0,0,1,0,0,2,5,5,6,10,9,10,5,6,1,1,0,0,1,0,1,1,0,3,4,3
-22716072#5,212136.51,451648.325,0,0,0,0,0,1,0,0,0,0,0,0,0,0,0,0,0,0,1,2,0,0,0,0,0,0,0,0,0,0,0,0,2,1,1,0,0,0,0,0,0,1,0,0,0,0,0,2,0,0
-22716549#6,213023.72999999998,451774.67500000005,0,0,0,0,0,0,0,0,0,0,0,0,0,0,0,0,0,0,0,0,1,0,0,0,0,0,0,0,0,0,1,0,0,0,0,0,0,0,0,0,0,0,0,0,1,0,0,0,0,0
-22724699#1,212620.62,452612.45999999996,0,0,0,0,0,0,0,0,0,0,1,0,0,1,1,1,0,0,0,0,0,0,0,1,0,0,1,0,0,0,0,0,0,0,0,1,0,1,0,0,1,0,1,2,0,1,0,0,1,0
-22724699#11,212333.435,452433.28,0,0,0,0,0,0,0,0,1,0,0,0,0,0,0,0,0,0,0,0,0,0,0,0,0,0,0,0,0,0,0,0,0,0,0,0,0,0,0,0,0,0,0,0,0,0,0,0,0,0
-22724699#2,212546.63,452562.905,0,0,0,0,0,0,0,0,0,1,0,0,0,0,0,0,0,0,0,0,0,0,0,1,0,0,0,1,0,0,0,0,0,0,0,0,0,0,0,0,0,0,0,0,0,0,0,0,0,0
-22724699#6,212449.31,452460.71,0,0,0,0,0,0,0,0,0,0,0,0,0,0,0,0,0,0,0,0,0,0,1,0,0,0,0,0,0,0,0,0,0,0,1,0,0,0,0,0,0,0,0,0,0,1,0,1,0,0
-233675413#0,212436.45,451686.37,0,0,0,0,0,0,0,0,0,0,0,0,0,0,0,0,0,0,0,0,0,1,0,0,0,0,0,0,1,0,0,2,0,0,1,0,0,0,0,0,0,0,0,1,0,0,1,0,0,1
-233675413#1,212570.075,451698.20499999996,0,0,0,0,1,0,0,0,0,0,1,0,0,2,0,0,0,1,0,0,0,0,0,0,0,0,0,0,1,0,1,2,1,1,0,0,0,0,0,0,1,0,0,0,0,0,2,1,0,0
-233675413#2,212666.14,451711.22,0,0,0,0,0,0,0,0,0,0,0,0,0,0,0,0,0,0,0,0,0,0,0,0,0,0,0,0,0,0,0,0,0,0,0,1,0,0,0,0,0,0,0,0,0,0,0,0,0,0
-233675413#6,212764.715,451719.825,0,0,0,0,0,0,0,0,0,0,0,0,0,0,1,0,0,0,0,0,0,0,0,0,0,2,0,0,2,0,0,0,0,1,0,0,0,1,0,0,0,0,0,1,0,0,0,0,0,0
-23436553#2,212531.89,451967.43999999994,0,0,0,0,0,0,0,0,0,0,0,0,1,0,0,0,0,0,0,2,0,0,0,0,0,1,0,0,0,0,0,0,0,0,0,0,0,0,0,0,0,0,1,0,0,0,0,0,1,0
-24608846#1,213494.56,452157.575,0,0,0,1,0,1,0,0,2,0,3,5,2,1,0,0,1,0,2,0,0,1,0,0,0,0,0,0,1,0,0,0,0,1,0,0,0,0,1,2,0,0,6,1,1,1,0,2,0,3
-24634411,212993.405,452326.295,0,0,0,0,0,0,0,2,6,0,1,1,0,5,1,3,3,1,11,6,2,3,0,1,2,0,1,2,1,1,0,1,2,4,5,3,2,3,5,0,2,1,0,3,7,3,7,7,2,11
-24634413#0,213067.07,452403.28500000003,0,0,0,0,0,0,0,0,0,0,0,0,0,0,0,0,0,0,0,2,3,0,2,1,0,2,0,0,0,1,0,0,0,0,0,0,1,0,1,0,0,0,0,0,0,0,2,2,5,1
-24634413#2,213152.84,452127.5,0,0,0,0,0,1,0,0,0,0,0,0,0,0,0,0,0,0,0,0,0,0,0,0,0,0,0,0,0,0,0,0,0,0,0,0,0,0,0,0,0,1,0,0,0,0,0,0,0,0
-24634414#0,213182.68,452466.775,0,0,0,0,0,0,0,0,0,0,0,0,0,0,0,0,0,0,0,0,0,1,0,0,1,0,0,0,0,0,0,0,0,0,0,0,0,0,0,1,0,0,0,0,0,0,0,0,0,0
-24634414#1,213186.55,452394.935,0,0,0,0,0,1,0,0,0,0,2,0,2,4,2,3,1,0,1,1,7,1,1,1,0,0,0,0,1,0,0,0,0,1,1,0,0,0,0,0,0,0,1,1,5,4,6,3,3,7
-24634414#2,213238.78999999998,452207.005,0,0,0,0,0,0,0,0,0,0,0,0,0,0,0,0,0,0,0,0,0,0,0,0,0,0,0,0,0,0,1,0,0,0,0,0,0,0,0,0,0,0,0,0,0,0,0,0,0,0
-24634414#4,213262.57,452095.17500000005,0,0,0,0,0,0,0,0,0,0,0,0,0,0,0,0,0,0,0,0,0,0,0,0,0,0,0,0,0,0,0,0,0,0,0,0,0,0,0,0,0,1,0,0,0,0,0,0,0,0
-24634414#5,213275.26,452017.88,0,0,0,0,0,0,0,0,0,0,0,0,0,0,0,0,1,0,0,0,0,0,0,0,0,0,0,0,0,1,0,0,0,0,0,0,0,0,0,0,0,0,0,0,0,1,0,0,0,0
-24634417,213285.61,452406.65,0,0,0,0,0,0,0,0,0,1,9,5,4,4,2,7,1,1,6,4,2,2,0,0,1,0,0,0,1,0,0,1,0,0,1,1,0,0,2,1,2,6,1,0,1,2,0,3,0,0
-24634505,212859.365,452154.095,0,0,0,0,0,0,0,0,0,0,0,0,0,0,0,0,0,0,0,0,0,1,0,0,0,0,0,0,0,0,0,0,0,0,0,0,0,0,0,0,0,0,0,0,0,0,0,0,0,0
-24634506#1,212961.3,452099.235,0,0,0,0,0,0,0,0,0,0,0,0,0,0,0,0,0,0,0,0,0,0,0,0,0,0,0,1,0,0,0,0,0,0,0,0,0,0,0,0,0,0,0,0,0,0,0,0,0,0
-24634508,213102.36,451869.595,0,0,0,0,0,0,0,0,0,0,0,0,0,0,1,0,0,0,0,0,0,0,0,0,0,0,0,0,0,1,0,0,0,0,0,1,0,0,0,0,0,0,0,0,0,0,0,0,0,0
-24634509#7,212875.10499999998,451932.105,0,0,0,0,0,0,0,0,0,1,0,0,0,0,0,0,0,0,0,0,0,0,1,0,0,0,0,0,0,0,0,0,0,0,0,0,0,0,0,0,0,0,0,1,0,0,0,0,0,0
-24634510#0,212737.995,452147.51,0,0,0,0,0,0,0,0,0,0,0,0,0,0,0,0,0,0,2,0,1,0,1,0,0,0,0,0,0,0,0,0,0,2,2,3,0,0,0,1,0,0,0,0,1,0,1,1,1,1
-24634510#15,212152.505,452035.475,0,0,0,0,0,0,0,0,0,0,0,0,0,0,0,1,0,0,0,0,0,0,0,0,0,0,0,0,0,0,0,0,1,0,0,0,0,0,1,2,0,1,0,0,0,0,0,0,0,0
-24634510#5,212546.06,452110.76,0,0,0,0,0,0,0,0,0,0,0,0,1,0,0,2,0,1,1,2,1,1,0,0,0,0,1,0,0,2,0,0,2,5,0,0,0,0,0,0,0,0,1,1,0,0,1,0,0,1
-24634510#6,212366.41999999998,452086.3,0,0,0,0,0,0,0,0,0,0,0,0,0,0,0,0,0,1,0,0,0,0,0,0,0,0,0,0,0,0,0,0,0,0,0,0,0,0,0,0,0,1,0,1,0,0,0,1,0,0
-24634510#8,212314.935,452070.495,0,0,0,0,0,0,0,0,0,0,0,0,0,0,0,0,0,0,0,0,0,0,0,0,0,0,0,0,0,0,0,0,0,0,0,0,0,0,0,0,0,0,0,0,0,0,0,1,0,0
-24634513#6,212157.17,452142.13,0,0,0,0,0,0,0,0,0,0,0,0,0,2,2,2,2,0,0,0,0,0,0,0,0,0,0,0,0,0,0,0,1,1,1,0,1,2,2,2,1,0,0,0,1,1,1,0,0,1
-24634514#1,212049.64,452111.745,0,0,0,0,0,0,0,0,0,0,0,0,0,0,0,0,0,0,0,0,0,0,0,0,0,0,0,0,0,0,0,0,0,0,0,1,1,2,1,0,1,1,0,0,0,0,1,1,0,0
-24634516#2,211887.875,451896.20999999996,0,0,0,0,0,0,0,1,1,0,0,0,0,0,0,0,0,0,0,0,0,0,0,0,0,0,0,0,0,0,1,1,0,0,0,0,0,0,0,0,0,0,0,0,0,0,0,0,0,0
-24634517#16,212322.85,451877.055,0,0,0,0,0,0,0,0,0,0,0,0,0,0,0,0,0,0,0,0,0,0,0,0,0,0,0,0,0,0,0,0,1,0,0,0,0,0,0,0,0,0,0,0,0,0,0,0,0,0
-24634517#3,212032.96000000002,451770.17000000004,0,0,0,0,0,0,0,0,0,0,0,0,0,0,0,0,0,0,0,0,0,0,0,0,0,0,0,0,0,0,0,0,0,1,0,0,0,0,0,0,0,0,0,0,0,0,0,0,0,0
-24634518#0,212086.57,451882.05,0,0,0,0,0,0,0,0,0,0,0,0,0,0,0,0,0,0,0,0,0,0,0,0,0,0,0,0,0,0,0,0,0,0,0,0,0,0,0,0,0,0,0,0,0,0,0,1,0,0
-24634519,212175.14,451852.375,0,0,0,0,0,0,0,0,0,0,0,0,0,0,0,0,0,0,0,0,0,0,0,0,0,0,0,0,1,0,0,0,0,0,0,0,0,0,0,0,0,0,0,0,0,0,0,0,0,0
-24634521#1,212217.04499999998,451786.965,0,0,0,0,0,0,0,0,0,0,0,0,0,0,0,0,0,0,0,0,0,0,0,0,0,0,0,0,0,0,0,0,0,0,0,0,1,0,0,0,0,0,0,0,0,0,0,0,0,1
-24693977#1,213180.305,451927.46249999997,0,0,0,1,0,0,0,1,1,0,0,1,0,1,1,0,0,0,1,2,1,2,5,0,3,0,0,0,0,2,1,1,2,2,2,5,5,12,5,5,10,1,2,1,1,4,0,3,1,2
-25117391#2,212346.51,452922.44,0,0,0,0,0,0,0,1,0,0,0,0,0,0,0,0,0,0,0,0,0,1,0,0,1,0,0,1,1,0,0,0,0,0,0,1,0,0,0,0,0,0,0,0,0,0,1,0,0,0
-25145011#0,212799.735,451424.525,0,0,0,0,0,0,0,0,0,0,0,0,0,0,0,1,0,0,0,0,0,0,0,0,0,0,0,0,0,0,0,0,0,0,0,0,0,0,0,0,0,0,0,0,0,0,0,0,0,0
-25145012#1,212357.13,451501.525,0,0,0,0,0,0,0,0,0,0,0,0,0,0,0,0,0,0,0,0,0,0,0,0,1,0,0,0,0,0,0,0,0,0,0,0,0,0,0,0,0,0,0,0,0,0,0,0,0,0
-25145012#4,212629.56,451524.555,0,0,0,0,0,0,0,0,0,0,1,0,0,0,0,0,0,0,0,0,0,0,0,1,0,0,0,0,0,0,0,0,0,0,0,0,0,0,0,0,0,0,0,0,0,0,0,0,0,0
-25145012#5,212711.855,451532.24,0,0,0,0,0,0,0,0,0,0,0,0,1,0,0,0,0,1,0,0,0,1,0,0,0,0,0,2,0,1,2,2,0,0,0,0,0,0,0,0,0,0,0,0,0,2,0,0,0,0
-25145012#6,212829.225,451539.23,0,0,0,0,0,0,0,0,0,0,0,0,0,0,0,0,1,0,0,0,0,0,0,0,0,0,0,1,0,0,0,0,1,0,0,0,0,0,0,1,0,0,0,0,0,1,1,0,0,0
-25145013#0,212889.655,451441.195,0,0,0,0,0,0,0,0,0,0,0,1,0,0,0,0,0,1,0,0,0,0,0,0,0,0,1,0,1,0,3,0,0,0,0,0,0,0,0,0,0,0,0,0,0,1,0,1,2,0
-25145014#2,212295.135,451573.11,0,0,0,0,0,0,0,0,0,0,0,0,0,0,0,0,0,0,0,0,0,0,0,0,0,0,0,0,0,0,0,0,0,0,0,0,0,1,0,0,0,0,0,0,0,0,0,0,0,0
-25149001#5,212580.7,451329.835,0,0,0,0,0,0,0,0,0,0,0,0,0,0,0,0,1,0,0,0,0,0,0,0,0,0,0,0,0,0,0,0,1,0,0,0,0,0,0,0,0,0,0,0,0,0,0,0,0,0
-25187892,212205.78,451547.08999999997,0,0,0,0,0,0,0,0,0,0,0,0,0,0,0,0,0,0,0,0,0,0,0,0,0,0,0,0,0,0,0,0,0,0,0,0,0,0,0,0,0,0,0,1,0,0,0,0,0,0
-25187893,212354.7,451490.445,0,0,0,0,0,0,0,0,0,0,0,0,0,0,0,0,0,0,0,0,0,0,0,0,0,0,0,0,0,0,1,0,0,0,0,0,0,0,0,0,0,0,0,0,0,0,0,0,0,0
-25190140#2,212400.005,451304.555,0,0,0,0,0,0,0,0,0,0,0,0,0,0,0,0,0,0,0,0,0,0,0,1,0,0,0,0,0,0,0,0,0,0,0,0,0,0,0,0,0,0,0,0,0,0,0,0,0,0
-26642362#1,212114.135,451519.355,0,0,0,0,0,0,0,0,0,0,0,0,0,0,0,0,0,0,0,0,0,0,0,0,0,0,0,0,0,1,0,0,0,0,0,0,0,0,0,0,0,0,0,0,0,0,0,0,0,0
-26642362#5,212144.28999999998,451650.865,0,0,0,0,0,0,0,0,0,0,0,0,0,0,1,0,0,0,0,0,0,0,0,0,0,0,0,0,0,0,0,0,0,0,0,1,0,0,0,0,0,0,0,0,0,0,0,0,0,0
-266565295#5,213781.95,452228.14,0,0,0,0,0,0,0,0,0,0,0,1,0,0,0,0,0,0,0,0,0,1,2,0,4,0,0,1,0,0,1,0,2,0,3,3,0,6,0,1,8,0,3,0,0,0,0,1,0,0
-26677213#5,212731.065,452710.695,0,0,0,0,0,0,0,0,0,0,0,0,0,0,0,1,0,0,0,0,1,0,2,0,1,1,1,2,2,0,0,0,2,0,0,1,0,0,0,3,0,0,1,1,0,1,0,0,2,1
-26677214#3,212778.69,452870.08999999997,0,0,0,0,0,0,0,0,0,0,0,0,0,0,0,0,0,0,0,0,0,0,0,0,0,0,0,0,0,0,0,0,0,0,0,0,0,0,0,0,0,0,0,0,0,0,0,1,0,0
-26677214#4,212828.625,452913.62,0,0,0,0,0,0,0,0,0,0,0,0,0,0,0,0,0,0,0,0,0,0,0,0,0,0,0,0,0,0,0,0,1,0,0,0,0,0,0,0,0,0,0,0,0,0,0,0,0,0
-26677214#5,212882.965,452961.92000000004,0,0,0,0,0,0,0,0,0,0,0,0,0,0,0,0,0,0,0,0,0,0,0,1,0,1,0,0,1,1,0,1,0,0,1,0,0,0,0,0,0,0,1,0,0,2,0,0,0,0
-26677216#0,212928.475,452884.81,0,0,0,0,0,0,0,0,0,0,0,1,0,0,0,0,0,0,0,0,0,0,0,0,0,0,0,0,0,1,0,0,0,1,0,0,0,0,0,0,0,0,0,0,0,0,0,1,0,0
-26677216#4,212997.415,452621.365,0,0,0,0,0,0,0,0,0,0,0,0,0,0,0,0,0,0,0,0,0,0,0,0,0,0,0,0,0,0,0,0,0,0,0,0,0,0,0,0,0,0,0,1,0,0,1,0,0,0
-26677416#1,212910.37,453195.54500000004,0,0,0,0,0,0,0,0,0,0,0,0,0,0,0,0,0,0,0,0,0,0,0,0,0,0,0,0,0,0,0,1,0,0,0,0,0,0,0,0,0,0,0,0,0,0,0,0,0,0
-26677416#3,213099.16,453050.28,0,0,0,0,0,1,0,0,0,0,0,0,0,0,0,0,0,0,0,0,0,0,0,0,0,0,0,0,0,0,0,0,0,0,0,0,0,0,0,0,0,0,0,0,0,0,0,0,0,0
-26677417#1,212909.535,453092.51,0,0,0,0,0,0,0,0,0,0,0,0,0,0,0,0,0,0,0,0,0,0,0,0,0,0,0,0,1,0,0,0,0,0,0,0,0,0,1,0,0,1,0,0,0,0,0,0,0,0
-26677539,213050.365,452936.765,0,0,0,0,0,0,2,0,0,0,0,0,0,1,0,0,0,0,0,2,0,0,0,0,0,0,0,1,0,0,0,0,1,0,0,1,0,2,0,0,1,0,0,0,1,0,0,0,0,0
-26677540#2,212989.415,453004.295,0,0,0,0,0,0,0,0,0,0,1,0,0,0,0,0,0,0,0,0,0,0,0,0,0,0,0,0,0,0,0,0,0,0,0,0,0,0,0,0,0,0,0,0,0,0,0,0,0,0
-26677542#0,212800.785,453129.76,0,0,0,0,0,0,0,0,0,0,0,0,0,0,0,0,0,0,0,0,0,0,0,0,0,0,0,0,0,0,0,0,0,0,0,0,0,0,0,0,0,0,0,0,1,0,0,0,0,0
-26677542#1,212913.74,453025.80000000005,0,0,0,0,0,0,0,0,0,0,0,0,0,0,0,0,0,0,0,0,0,0,1,0,0,0,0,0,0,0,1,0,0,0,0,0,0,0,0,0,0,0,0,0,0,0,0,0,1,0
-28111977#0,211702.065,451555.44999999995,0,0,0,0,0,0,0,0,0,0,0,0,0,0,0,0,0,0,0,0,0,0,0,0,0,0,0,0,0,0,0,0,0,0,0,0,0,0,0,0,0,0,0,0,0,0,0,0,1,0
-28319300#2,212257.2,452704.8,0,0,0,0,0,0,0,0,0,0,0,0,0,0,0,0,0,0,0,0,1,0,0,0,0,0,0,0,0,0,0,0,0,0,0,0,0,0,0,0,0,0,0,0,0,0,0,0,0,0
-285549250#1,211745.22,451804.325,0,0,0,0,1,0,0,0,0,0,1,0,2,0,0,1,0,2,0,0,0,0,0,0,0,0,1,0,0,0,2,1,0,2,0,2,1,0,2,0,1,0,0,0,0,0,0,0,2,0
-286646456#0,211930.39,452765.915,0,0,0,0,0,0,0,0,0,0,0,0,0,1,0,0,0,0,0,0,0,0,0,0,0,0,0,0,0,0,0,1,0,0,0,0,0,0,0,0,0,0,0,0,0,0,0,0,0,1
-286646456#2,212006.39,452798.03,0,0,0,0,0,1,1,0,0,0,0,1,0,0,0,0,1,1,1,1,0,0,0,1,0,0,0,0,0,1,0,0,0,0,0,0,0,1,0,0,0,1,1,0,0,0,1,1,0,0
-306240162#1,211705.245,452728.655,0,4,3,4,1,5,5,5,6,4,7,1,9,7,1,3,1,2,0,0,1,0,0,2,0,3,6,0,2,1,2,3,1,8,4,2,6,1,3,1,3,6,3,0,3,6,11,1,4,2
-315358242#1,213309.91,452818.7,0,0,0,0,0,0,0,0,0,0,0,0,0,0,0,0,1,1,0,0,0,0,0,0,0,0,0,0,0,0,0,0,1,0,0,0,0,0,0,0,0,0,1,0,0,0,0,0,0,0
-315358242#2,213362.51,452614.33,0,0,0,0,0,0,0,0,0,0,0,0,0,0,0,0,0,0,0,0,0,0,0,1,0,0,0,0,0,0,0,0,0,0,0,0,0,0,0,0,0,0,0,0,0,0,0,0,0,0
-315358251#0,213381.78,452525.58,0,0,0,0,0,0,0,0,0,0,0,0,0,1,0,0,0,0,0,0,0,0,0,0,0,0,1,0,0,0,0,1,0,0,0,0,0,0,0,0,0,0,0,0,0,0,0,0,0,0
-315358252#1,213186.05,453104.1,0,0,0,0,0,0,0,1,0,0,0,0,0,0,0,0,0,0,0,0,0,0,0,0,0,0,0,0,0,0,0,0,0,0,0,0,0,0,0,0,0,0,0,0,0,0,0,0,0,0
-315358253#0,213401.305,452203.015,0,0,0,0,0,0,0,0,0,0,0,0,0,0,0,0,0,0,0,0,0,0,0,0,0,0,0,0,0,0,0,0,0,0,0,0,0,0,0,0,1,0,0,0,0,0,0,0,0,0
-315358255#4,212138.66,452855.27,0,0,0,0,0,0,0,0,0,0,0,0,1,0,0,0,0,1,0,0,0,0,1,0,0,3,0,0,0,0,0,0,0,0,0,0,1,0,0,0,1,0,0,0,0,0,0,0,5,1
-315358257#0.26,212284.05,452878.61,0,0,0,0,0,0,0,0,1,0,0,0,0,0,0,0,0,0,0,0,0,0,0,0,0,0,0,0,0,0,0,0,1,0,0,0,0,0,0,0,0,0,0,0,0,0,0,0,0,0
-315358258,212056.855,453075.44499999995,0,0,0,0,0,0,0,0,0,0,0,0,0,0,0,0,0,0,0,0,0,0,0,0,0,0,1,0,0,0,0,0,0,0,0,0,0,0,0,0,0,0,0,0,0,0,0,0,0,0
-315392062#4,213086.385,452098.705,0,0,0,0,0,0,0,0,0,0,0,1,0,0,1,0,2,1,0,0,2,4,1,1,1,2,0,1,4,1,2,1,3,1,5,5,4,6,6,2,3,1,1,0,4,1,0,0,1,1
-32124744,213184.61,451780.72,0,0,0,0,0,0,0,0,0,0,1,0,0,0,1,0,0,0,1,0,0,0,0,0,0,0,2,0,2,0,0,0,0,0,0,0,0,0,0,0,0,0,0,0,1,0,2,0,1,0
-32124745,213085.72,451647.26,0,0,0,0,0,0,0,0,0,0,0,0,0,0,0,0,0,0,0,0,2,0,0,0,0,0,0,0,0,0,0,0,0,0,0,0,0,0,2,0,0,0,0,0,0,0,2,0,0,2
-32395288#2,211700.52,451276.85,0,0,0,0,0,0,0,0,0,0,0,0,0,0,0,1,0,0,0,0,0,0,0,0,0,0,0,0,0,0,0,0,0,0,0,0,0,0,0,0,0,0,0,0,0,0,0,0,0,0
-32395327#1,211676.72,451514.51,0,0,0,0,0,0,0,0,0,0,0,0,0,0,0,0,0,0,0,0,0,0,0,0,0,0,0,0,0,0,0,0,0,0,0,0,0,0,0,0,0,0,0,0,0,0,0,0,1,0
-32395361#1,211648.8,451395.74,0,0,0,0,0,0,0,0,0,0,0,0,0,0,0,0,0,0,0,0,0,0,0,0,0,0,0,0,0,0,0,0,0,0,2,0,0,0,0,0,0,0,1,0,0,0,0,0,0,0
-32978638#0,213621.475,452033.3,0,0,0,0,1,0,0,0,0,0,0,0,0,0,1,2,0,0,0,0,0,0,0,0,0,0,0,0,0,0,0,0,1,0,0,0,0,2,0,0,0,0,0,1,0,0,3,0,0,0
-32999434#1,213262.78,451969.32,0,0,0,0,1,0,0,0,0,0,0,0,1,0,0,1,0,1,0,0,0,1,1,0,0,1,1,0,0,0,2,0,0,0,1,3,1,0,4,0,2,4,0,2,0,0,0,1,1,2
-37386279,213169.62,452052.33999999997,0,0,0,0,0,0,0,0,0,1,0,0,0,0,0,0,0,0,0,0,0,0,0,0,0,0,0,1,0,0,0,0,0,0,0,0,0,0,0,0,0,0,0,0,0,0,0,0,0,0
-37681424#0,211748.755,451405.385,0,0,0,0,0,0,0,0,0,0,0,1,0,0,0,0,0,0,0,0,0,0,0,0,0,0,0,0,0,0,0,0,0,0,0,0,0,0,0,0,0,0,0,0,0,1,0,0,0,0
-37681424#1,211789.84999999998,451647.905,0,0,0,0,0,0,0,0,0,0,0,0,0,0,0,1,0,0,0,0,0,0,0,0,0,0,0,0,0,0,0,0,0,0,0,0,0,0,0,0,0,0,0,0,0,0,0,0,0,0
-393420106#1,211313.83,451641.79000000004,0,0,0,0,0,0,0,0,0,0,0,0,0,0,0,0,0,0,0,0,0,0,0,0,0,0,0,0,0,0,0,0,0,0,0,0,0,1,0,0,0,0,0,0,0,0,0,0,0,0
-40888350,213182.86,452520.70999999996,0,0,0,0,0,0,0,0,0,0,0,0,1,0,0,0,1,0,0,0,0,0,1,0,0,0,0,0,0,0,0,0,0,0,0,0,0,0,0,0,0,0,0,0,0,0,0,0,0,0
-40888351#6,213232.58000000002,452942.985,0,0,0,0,0,0,0,0,0,0,0,0,1,0,0,0,0,0,0,0,0,0,0,0,0,0,0,0,0,0,0,0,0,0,0,0,0,0,0,0,0,0,0,0,0,0,0,0,0,0
-40888356#6,212386.345,452391.325,0,0,0,0,0,0,0,0,0,0,0,0,0,0,0,0,0,0,0,0,0,0,0,0,0,0,1,0,0,0,0,0,0,0,0,0,0,0,0,0,0,0,0,0,0,0,0,0,0,0
-40888359,212461.855,452812.71499999997,0,0,0,0,0,0,0,0,0,0,0,1,0,0,0,0,0,0,1,1,0,0,0,0,1,0,1,0,0,1,0,0,0,0,0,0,0,0,0,0,0,0,0,0,0,0,0,0,0,0
-447569998#1,213351.77,453001.05,0,0,0,2,2,1,1,0,0,0,1,1,0,0,0,0,0,0,0,0,1,0,0,0,0,1,0,0,0,0,0,2,2,0,0,0,0,0,0,0,0,0,0,0,0,0,0,0,0,0
-53396619#6,213079.46,452664.575,0,0,0,0,0,0,0,1,0,0,0,0,0,0,0,0,0,0,0,0,0,0,0,0,0,0,0,0,0,0,0,0,0,0,0,0,0,0,0,0,0,0,0,0,0,0,0,0,0,0
-612075153#0,212175.495,452986.83,0,0,0,0,0,0,0,0,0,0,0,0,0,0,1,0,0,0,0,0,0,0,0,0,0,0,0,0,0,0,0,0,1,0,0,0,0,0,0,0,0,0,0,0,0,1,0,0,0,0
-612075153#1,212198.485,452965.3,0,0,0,0,0,0,0,0,0,0,0,0,0,0,0,0,0,0,0,0,0,0,1,0,0,0,0,0,0,0,0,0,0,0,0,0,0,0,0,0,0,0,0,0,0,0,0,0,0,0
-653473568#0,212494.69,451337.355,0,0,0,0,0,0,0,0,0,0,0,0,0,0,0,0,0,0,0,0,0,0,0,0,1,0,0,0,0,0,0,0,0,0,0,0,0,0,0,0,0,0,0,0,0,0,0,0,0,0
-653473569#0,212550.71500000003,451354.165,0,0,0,0,0,0,0,0,0,0,0,0,0,0,0,0,0,0,0,0,0,0,0,0,0,0,0,0,0,0,0,0,0,1,0,0,0,0,0,0,0,0,0,0,0,0,0,0,0,0
-653473569#1,212636.47999999998,451393.83999999997,0,0,0,0,0,0,0,0,0,0,0,0,0,0,0,0,0,0,0,0,0,0,0,0,0,0,0,0,0,2,0,0,0,0,0,0,0,0,0,0,0,0,0,0,0,0,0,0,0,0
-653473569#2,212736.185,451415.20999999996,0,0,0,1,0,0,2,0,0,0,0,0,0,0,0,0,0,0,0,0,0,0,1,0,0,0,0,0,0,0,0,1,0,0,0,0,0,0,0,0,0,0,0,0,0,0,0,0,0,0
-653473569#4,212837.945,451424.625,0,0,0,1,0,0,0,0,0,0,0,0,0,0,0,0,2,0,0,0,0,0,0,0,2,0,0,1,0,3,0,1,1,0,0,0,0,0,0,0,0,0,0,0,0,0,0,0,0,0
-653473569#5,212932.695,451445.95,0,0,0,0,0,0,0,0,1,0,0,0,0,1,0,0,2,0,0,0,0,0,0,0,0,0,2,0,0,2,3,1,3,0,0,0,0,0,0,0,0,0,0,0,2,0,0,2,0,1
-83304175#2,213247.235,451650.86,0,0,0,0,0,0,0,0,0,0,0,0,0,1,0,0,0,0,0,0,0,0,0,0,0,0,0,0,0,0,0,0,0,0,0,0,0,0,0,0,0,0,0,0,0,0,0,0,0,0
104012170,213005.89,451523.51,0,0,0,0,0,0,0,0,0,0,0,0,1,1,1,0,0,0,0,0,0,0,0,0,0,0,0,0,0,0,1,3,3,0,0,0,0,0,0,0,0,0,0,0,0,0,0,0,2,0
10425609#0,213071.06,451306.40249999997,0,1,0,0,2,0,0,0,0,0,1,2,0,4,5,0,0,0,0,0,0,0,0,1,3,1,2,5,0,1,3,0,0,0,0,0,0,1,0,0,0,0,3,0,1,2,0,2,0,0
10427692#5,211897.65,451972.39,0,0,0,0,0,0,0,0,0,0,0,0,0,0,0,0,0,0,0,0,0,0,0,0,0,0,0,0,0,0,0,0,0,0,0,0,0,0,0,0,0,0,0,0,0,0,0,0,1,0
120125554,212044.11,451837.485,0,0,0,0,0,0,0,0,0,0,0,0,0,0,0,0,0,0,0,0,0,0,0,0,0,0,0,0,0,0,0,0,0,0,0,0,0,0,0,0,0,0,0,0,0,1,0,0,0,0
128361109#1,211562.7,452137.14,0,0,1,10,0,5,5,0,7,4,5,4,6,5,2,1,6,1,1,1,0,2,0,3,0,0,1,0,2,9,1,1,4,2,3,3,3,3,7,1,3,5,10,0,6,0,2,7,1,1
128361109#3,211869.46,452207.14,0,0,0,0,4,3,3,5,0,2,6,2,2,5,0,0,1,1,1,1,0,0,0,0,0,0,0,0,0,1,5,6,0,1,1,0,1,0,0,0,0,0,1,6,1,3,1,1,3,1
128906555,212278.14,451663.185,0,0,0,0,0,0,0,0,0,0,0,0,0,0,0,0,0,0,0,0,0,0,0,0,0,0,0,0,0,0,0,0,0,0,0,0,1,0,0,0,0,0,0,0,0,0,0,0,0,0
129379918#0,213246.28,452957.84,0,0,0,0,0,0,0,0,0,0,0,0,0,0,0,0,0,0,0,0,0,1,0,0,0,0,0,0,0,0,0,0,0,0,0,0,0,0,0,0,0,0,0,0,0,0,0,0,0,1
129379920#0,213096.26,453250.13,0,0,0,0,0,0,0,0,0,0,0,0,0,0,1,0,0,0,0,0,0,0,0,0,0,0,0,1,0,0,0,0,0,0,0,0,0,0,0,0,0,0,0,0,0,0,0,0,0,0
129379921#0,213059.15,453313.05,0,0,0,1,1,0,0,0,1,0,0,0,0,0,0,0,0,0,0,0,0,0,0,1,0,0,0,0,0,0,0,0,0,0,0,0,0,0,0,0,0,0,0,0,0,0,0,1,0,0
129379922,213206.37250000003,453038.8025,0,0,0,0,1,2,0,1,0,0,0,0,0,0,1,1,0,0,0,0,0,0,0,0,0,0,0,0,1,1,0,0,0,0,0,1,1,0,0,0,1,1,0,0,1,0,0,0,1,0
129379925,213269.35,452904.17,0,0,0,0,0,0,0,0,0,0,0,0,0,0,0,0,0,0,0,0,0,0,0,0,0,0,0,0,0,0,1,0,0,0,0,0,0,0,0,0,0,0,0,0,0,1,0,0,0,0
129379967#0,213023.29,453348.87,0,0,0,0,0,0,1,0,0,0,0,0,0,0,0,0,0,0,0,0,0,0,0,0,0,0,0,0,0,0,0,0,0,0,0,0,0,0,0,0,0,0,0,0,0,0,0,0,0,0
129379968,213002.865,453352.69,0,0,0,1,0,0,0,0,0,0,0,0,0,0,0,0,0,1,1,0,1,0,0,0,0,0,0,1,0,0,0,0,0,0,0,0,0,1,0,0,0,0,0,0,0,0,1,0,0,0
136436466,213377.78999999998,452439.0075,0,0,0,0,0,0,0,0,0,0,0,0,0,1,0,0,0,0,1,0,0,0,0,0,0,0,0,0,0,0,0,1,0,0,0,0,0,0,0,0,0,0,0,0,0,0,0,0,0,1
136436468#1,212748.345,452581.4,0,0,0,0,0,0,0,0,0,0,0,0,0,1,0,0,0,0,0,0,0,0,0,0,0,0,1,1,0,1,2,2,0,0,0,0,0,0,0,0,0,0,0,2,0,0,1,0,0,0
137133006#0,211878.11,452282.15,0,0,0,3,9,0,4,0,3,11,2,0,5,1,6,0,1,3,0,2,0,0,0,0,0,0,0,2,0,0,0,0,0,0,0,4,0,5,5,5,8,0,1,0,3,3,0,5,10,1
137133006#1,211882.73750000002,452236.31,0,0,0,1,0,0,1,1,0,0,0,2,0,0,2,0,1,1,0,1,0,0,0,0,1,0,0,1,0,1,1,0,2,0,1,1,0,2,1,1,1,0,1,0,1,1,0,1,0,1
137454133#2,212093.315,452405.51,0,0,0,0,0,0,0,0,0,0,0,0,1,0,0,0,0,0,0,0,0,0,0,0,0,0,0,0,0,0,0,0,0,0,0,0,0,0,0,0,0,0,0,0,0,0,0,0,0,0
138300620#0,212396.245,452182.475,0,0,0,0,0,0,0,0,1,0,0,0,0,0,0,0,0,1,0,1,1,1,0,0,0,0,0,0,0,0,0,0,0,2,2,0,0,0,0,0,1,1,0,0,0,1,0,0,1,0
160314345#0,213038.05,452207.44999999995,0,0,0,0,0,0,0,0,0,0,0,0,1,0,0,1,0,0,0,0,0,0,0,0,0,0,0,0,0,0,0,0,0,0,0,0,0,0,0,0,0,0,0,0,0,0,0,0,0,0
160314345#1,213119.20500000002,452239.67000000004,0,0,0,0,0,0,0,0,1,3,0,0,0,0,4,0,2,2,1,4,1,2,1,0,1,0,0,1,1,0,0,0,0,0,0,1,1,2,0,1,0,0,0,0,0,4,0,4,0,0
160314345#2,213176.035,452262.225,0,0,0,0,0,0,0,0,0,4,0,2,0,0,4,0,1,2,3,3,2,0,0,0,0,0,0,1,0,1,1,0,0,0,1,0,0,0,1,1,4,0,1,1,0,2,1,0,3,0
160314345#3,213257.57,452282.22,0,0,0,0,0,0,0,0,0,4,0,0,4,0,3,2,0,3,3,1,0,0,0,0,0,0,0,0,0,1,0,0,1,0,1,0,0,0,1,0,2,0,0,0,0,6,1,0,0,0
160314346#1,212980.33000000002,452185.38,0,0,0,0,0,0,0,0,0,0,0,0,0,0,0,0,0,1,0,0,0,0,0,0,0,0,0,0,0,0,0,0,0,0,1,0,0,0,0,0,0,0,0,0,0,0,0,0,0,0
160314351#0,212835.65,452093.29500000004,0,0,0,0,0,0,0,0,0,0,0,0,0,0,0,0,0,0,0,0,0,0,0,0,0,0,0,0,1,0,0,0,0,0,0,0,0,0,0,0,0,0,0,0,0,0,0,0,0,0
164051413,212982.43,451453.11,0,0,0,0,0,0,0,0,1,1,0,0,0,0,0,0,0,0,0,0,0,0,0,0,0,0,1,1,0,0,0,0,0,0,0,0,0,1,0,0,0,0,0,0,0,2,0,1,0,0
168702039#1,213317.68,452040.45,0,0,0,0,0,0,0,0,1,0,0,1,0,0,0,0,0,0,0,0,0,0,0,0,1,0,0,0,0,0,0,0,0,0,0,0,0,0,0,0,0,0,0,0,0,0,0,1,0,0
168702040#2,213555.23249999998,452102.71499999997,0,0,0,0,0,0,0,0,1,1,1,0,2,0,0,0,0,0,0,0,0,0,0,0,0,0,1,0,0,0,0,0,0,1,0,0,0,0,0,0,1,1,4,0,4,0,2,0,1,0
168702040#3,213425.94,452071.65249999997,0,0,0,0,0,0,0,0,1,0,0,0,0,0,0,1,0,0,0,0,0,0,0,0,0,0,0,0,0,0,0,0,0,0,0,0,0,0,2,0,0,0,0,0,0,0,0,0,0,0
168702040#4,213411.09249999997,452067.685,0,0,0,0,0,0,0,0,0,0,2,0,0,0,0,1,0,0,0,0,0,0,0,0,0,0,0,1,1,0,0,0,0,0,0,0,1,0,0,0,0,1,0,0,0,0,0,0,0,0
170018165#0,211861.47,452375.68,0,0,0,0,0,0,0,0,0,1,1,0,0,0,0,1,0,1,0,0,1,0,1,1,0,0,0,1,0,0,1,0,0,1,0,0,2,0,2,0,0,1,0,1,0,0,0,0,0,0
170018165#1,211807.40000000002,452499.675,0,0,0,0,0,0,0,0,0,0,0,1,1,0,0,0,2,1,1,0,1,3,0,0,2,2,0,0,0,2,1,1,0,0,2,0,0,0,0,6,0,0,0,1,3,0,0,1,3,1
170018165#2.175,211747.1,452650.33,0,0,0,0,0,0,0,0,0,0,0,1,0,0,1,2,1,2,1,2,3,1,2,2,2,3,0,2,6,0,1,0,0,0,3,2,2,0,0,0,6,6,2,1,0,1,4,0,3,6
170425366#0,211608.61,451689.795,0,0,0,0,0,0,0,0,0,0,1,0,0,0,0,0,0,0,0,0,0,0,0,0,0,0,0,0,0,0,0,1,0,0,0,0,1,0,0,0,0,0,0,1,0,0,0,0,0,0
172488482#0,213155.64500000002,451713.4,0,0,0,0,0,0,0,0,0,0,0,0,0,0,0,0,0,0,0,0,0,0,0,0,0,0,0,0,0,0,0,0,0,0,0,0,0,0,0,0,0,0,0,0,0,0,0,0,1,0
173203413#0,212531.995,452426.83499999996,0,0,0,0,0,0,0,0,0,0,0,2,0,1,0,0,0,0,1,0,0,2,0,1,1,0,0,0,3,0,0,0,0,0,0,0,0,0,3,0,0,2,0,2,2,0,2,0,1,0
174800513,212846.14,452439.58,0,0,0,0,0,0,0,1,0,0,0,0,0,0,0,0,0,1,1,0,0,0,0,0,0,0,0,0,0,0,0,0,0,0,0,0,0,0,0,2,0,0,0,0,1,0,0,0,0,1
175770996#0,211871.74,452234.55,0,0,0,0,0,0,0,0,0,0,0,1,0,0,0,0,0,0,0,0,0,0,0,0,0,0,0,0,0,0,0,0,0,0,0,0,0,0,0,0,0,0,0,0,0,0,0,0,0,0
176550246,211905.48,452226.37,0,0,0,0,0,0,0,1,0,2,3,0,3,2,1,2,0,1,0,0,0,0,2,3,0,1,0,1,3,1,2,0,1,1,0,0,0,0,1,0,2,3,0,2,0,2,3,0,3,0
176550249#0,212005.53,452218.77,0,0,0,0,0,3,0,4,6,0,3,4,3,1,0,3,1,3,0,0,0,0,0,0,1,1,0,0,0,0,1,0,0,2,2,0,0,0,0,8,0,4,3,4,4,0,0,0,3,4
176550249#1,212285.59,452227.04,0,0,0,0,3,8,7,3,3,8,7,14,3,7,11,5,4,2,8,8,2,0,0,0,4,1,0,0,5,0,2,6,10,4,6,2,8,7,0,6,4,9,6,1,3,9,7,5,4,6
176550249#3,212591.09,452310.27,0,0,0,0,0,6,17,10,8,14,8,15,25,14,23,19,24,20,4,9,6,3,4,0,0,6,6,6,0,3,0,4,8,3,5,10,5,13,6,2,11,10,20,15,8,14,9,14,10,9
18809672#0,211747.7,451776.81,0,0,0,0,0,0,0,0,0,0,0,0,0,0,0,0,0,0,0,0,0,0,1,0,0,0,0,0,0,0,0,0,0,0,0,0,0,0,0,0,0,0,0,0,0,0,0,0,0,0
18813598#0,211838.14,451194.83999999997,0,0,0,0,0,0,0,0,0,0,0,0,0,0,1,0,0,0,1,0,0,1,0,0,0,0,3,0,0,0,0,1,0,0,0,0,0,0,0,0,0,0,0,0,0,0,0,0,0,1
18813598#2,211979.575,451236.405,0,0,0,0,0,0,0,0,1,0,0,2,0,0,0,0,0,0,0,0,0,1,1,0,0,0,1,0,0,0,0,0,0,0,4,0,0,0,0,0,0,0,3,0,1,1,0,1,0,0
18813598#7,212273.685,451341.36,0,0,0,0,0,0,1,0,0,2,0,1,0,0,0,1,0,1,0,2,0,0,1,1,1,0,0,4,0,0,0,0,1,0,0,0,0,2,0,0,2,0,0,0,0,2,0,0,0,0
18813598#8,212441.57,451330.365,0,0,0,0,0,0,0,0,0,1,0,0,2,0,0,0,0,0,0,0,0,0,1,0,0,0,0,0,2,0,0,0,0,0,0,3,0,0,0,0,0,1,0,4,0,0,2,0,1,0
201089420#0,212335.115,452847.57999999996,0,0,0,0,0,0,0,0,0,1,0,0,1,0,0,0,0,0,0,0,0,0,0,0,1,0,0,0,0,0,0,0,0,0,0,0,0,0,0,0,0,0,0,0,1,0,0,0,0,0
201089423#0,213208.68,451864.54,0,0,0,0,0,0,0,0,0,0,0,0,0,0,0,0,0,0,0,0,0,0,0,0,0,0,0,1,0,0,0,0,0,0,0,0,0,0,0,0,0,0,0,0,0,0,0,0,0,0
201089423#2,213164.29,451761.04,0,0,0,0,0,0,0,0,0,0,0,0,0,0,0,0,0,0,0,0,0,1,0,0,0,0,1,0,0,0,0,0,0,0,0,0,0,0,0,0,0,0,0,0,0,0,0,0,0,0
201201935#0,211312.57,451636.13,0,0,0,0,0,0,0,0,0,0,0,1,1,0,0,0,0,0,0,0,0,0,0,0,0,0,0,0,0,0,0,0,0,0,0,0,0,0,0,0,0,0,0,0,1,0,0,0,0,0
201201945#0,212776.25,452531.01,0,0,0,0,0,0,0,0,0,0,0,0,0,0,0,0,0,1,0,0,1,0,0,0,0,0,0,0,0,0,0,0,0,0,0,0,0,0,0,0,0,0,0,0,0,0,0,0,0,0
201201945#3,212550.47,452683.845,0,0,0,0,0,0,0,0,3,0,0,3,0,0,0,0,0,0,0,1,0,0,0,4,0,1,4,0,1,0,0,0,0,0,0,1,0,0,1,0,2,4,0,2,0,3,2,2,0,0
201201945#8,212398.21500000003,452800.70999999996,0,0,0,0,0,0,0,0,0,0,0,0,0,0,0,0,0,0,0,0,0,2,0,0,0,0,0,0,0,0,0,0,0,0,0,0,0,0,0,0,0,0,0,1,0,0,1,0,2,0
201201950#0,212891.68,452434.85,0,0,0,0,0,0,0,6,1,0,2,0,5,0,0,2,0,5,2,0,0,0,0,0,0,0,1,0,0,0,2,1,0,0,0,1,3,0,1,1,0,1,0,5,0,0,1,1,5,0
201201950#1,213003.33,452459.07,0,0,0,0,0,0,0,2,1,0,2,0,0,3,0,9,1,0,0,0,4,0,0,0,0,0,0,0,0,0,0,0,0,0,0,0,0,0,7,0,0,1,0,5,1,0,0,0,0,0
201201950#3,213101.51,452453.71,0,0,0,0,0,0,0,0,0,0,3,0,0,0,1,2,0,0,2,1,0,4,0,1,0,0,1,0,1,0,0,0,0,2,0,0,0,0,1,0,0,0,1,0,2,0,3,0,0,2
201201950#4,213235.9,452442.45,0,0,0,0,0,0,0,0,1,0,2,0,0,1,0,0,0,0,1,0,0,1,0,0,0,0,0,0,1,0,0,0,0,0,1,0,0,0,0,0,0,0,0,0,0,0,0,0,0,1
201201953#0,212824.98,452439.41,0,0,0,0,0,0,0,2,1,0,0,0,0,0,2,0,0,0,0,1,0,0,5,0,3,0,0,0,0,1,0,0,0,0,0,0,1,0,0,5,0,0,2,1,6,0,1,1,0,0
201201953#12,211943.15,452229.85,0,0,0,0,0,0,0,1,0,0,0,0,0,0,0,0,1,2,0,0,1,0,0,1,0,0,3,0,0,1,0,0,0,0,0,0,0,0,0,0,0,0,0,1,0,2,10,1,0,4
201201953#2,212584.58,452337.16,0,0,0,0,0,0,0,2,1,0,0,1,1,0,0,2,1,2,0,1,1,0,4,0,0,1,0,2,0,0,0,0,0,0,0,0,0,2,0,2,2,0,1,0,5,1,0,1,0,4
201201953#4,212285.56,452253.87,0,1,1,0,0,1,2,0,4,2,5,5,3,1,4,5,4,4,4,4,6,5,2,5,5,8,4,3,2,3,2,2,0,0,0,1,3,3,5,5,4,5,8,4,8,12,6,11,9,2
201238718#0,212923.96500000003,452269.95499999996,0,0,0,0,0,0,0,0,0,0,0,1,1,0,1,1,0,2,0,0,0,0,0,0,0,0,0,0,0,0,0,0,0,0,1,0,0,0,2,0,0,0,1,0,0,0,0,0,1,1
201238718#1,212864.985,452390.97,0,0,0,0,0,0,0,0,0,0,1,0,2,1,0,0,0,1,4,0,0,0,1,1,0,0,0,0,0,0,0,0,0,0,0,0,0,0,0,0,0,0,0,1,2,0,1,0,0,0
201238719#0,211893.31,452288.23,0,0,0,1,0,0,0,0,1,0,1,0,1,2,0,0,0,1,1,1,1,1,0,0,0,0,1,0,0,0,2,1,0,2,0,3,1,0,7,4,1,0,0,2,2,0,0,1,0,1
201238724,212793.86,452322.17000000004,0,0,0,0,0,0,0,0,0,0,0,0,0,1,0,0,2,0,1,2,2,0,0,0,0,0,0,1,0,1,2,0,0,1,3,2,0,0,0,0,0,0,0,1,1,0,0,0,0,1
201238726#0,211894.19,452134.83499999996,0,0,0,0,0,0,0,0,0,0,0,0,0,0,1,0,0,0,0,0,0,0,0,0,0,0,0,0,0,0,0,0,0,0,1,0,0,0,1,0,0,0,0,0,0,0,0,0,0,0
201238726#0.117,211898.32,452200.77749999997,0,0,0,0,0,0,0,0,0,0,0,0,0,0,0,0,0,0,0,1,0,0,0,0,0,0,0,0,0,0,0,0,1,0,2,0,1,2,0,1,0,1,2,0,0,0,0,0,0,1
201238729#3,211612.26,452166.24,0,0,0,0,0,0,0,0,1,0,0,3,0,2,2,0,3,0,0,2,3,1,1,0,5,0,6,2,0,2,0,0,1,0,0,0,0,0,0,4,2,0,6,0,4,5,0,13,2,0
201238730,211913.17,452212.94,0,0,0,0,0,0,0,0,1,0,0,0,0,0,0,0,0,1,1,0,0,0,0,0,0,0,0,0,0,0,0,1,0,0,0,0,0,0,0,0,0,0,0,0,0,0,0,0,0,1
201950247#4,213133.32,452612.635,0,0,0,0,0,1,0,0,0,0,0,0,0,0,0,1,0,1,0,0,0,0,0,0,0,0,0,0,0,0,0,0,0,0,0,0,0,0,0,0,0,0,0,0,1,0,0,0,0,0
201950247#7,213245.975,452597.38,0,0,0,0,0,0,0,0,1,0,0,0,0,1,0,0,0,0,0,0,0,0,0,0,0,0,0,0,0,0,0,0,1,0,0,0,0,0,1,0,0,0,0,0,0,0,0,0,0,0
201950250#0,212950.94,452980.79000000004,0,0,0,0,0,0,0,0,0,0,0,0,0,0,0,0,0,0,0,0,0,0,0,0,0,0,1,0,0,1,0,0,0,0,0,0,1,0,0,0,0,0,0,0,0,1,0,0,0,0
201950250#1,212997.22,452913.48,0,0,0,1,0,0,0,0,0,0,0,1,1,0,0,0,0,0,0,0,0,0,2,0,0,0,1,0,0,0,0,1,0,0,0,0,0,0,0,1,0,0,0,1,0,1,0,1,0,0
201950259#4,212523.10499999998,452958.545,0,0,0,0,0,0,0,0,0,0,0,0,0,0,0,0,0,0,0,0,0,0,0,0,0,0,0,0,0,0,0,0,0,0,0,0,0,0,0,0,0,0,0,0,0,0,0,0,1,0
201950263#0,212617.925,453092.595,0,0,0,0,0,0,0,0,0,1,0,0,0,0,0,0,0,0,0,0,0,0,0,0,0,0,0,0,0,0,0,0,1,0,0,1,0,0,0,0,1,0,0,0,0,0,0,0,0,0
201950263#7,212824.37,453228.615,0,0,0,0,0,1,0,0,0,0,0,0,0,0,0,0,0,0,0,0,0,0,0,0,0,0,0,0,0,0,0,0,0,0,0,0,0,0,0,0,0,0,0,1,0,0,0,0,0,0
201963522#1,211680.385,451505.015,0,0,0,0,0,0,0,0,0,0,0,0,0,1,0,0,0,0,0,0,0,0,0,0,0,0,0,0,0,0,0,0,1,0,0,0,0,0,0,0,0,0,0,0,0,0,0,0,0,0
201963522#5,211731.47,451279.87,0,0,0,0,0,0,0,0,0,0,0,0,0,0,0,0,1,0,0,0,0,0,0,0,0,0,0,0,0,0,0,0,0,0,0,0,0,0,0,0,0,0,0,0,0,0,0,0,0,0
201963522#6,211755.89,451237.095,0,0,0,0,0,0,0,0,0,0,0,0,1,0,0,0,0,0,0,0,0,0,0,0,0,0,0,0,0,0,0,0,0,0,0,1,0,0,0,0,0,0,0,1,0,0,0,0,0,0
201963533#1,211874.11,451743.89,0,0,0,0,0,0,0,0,0,0,0,0,0,0,0,0,0,0,0,0,0,0,0,0,0,0,0,0,0,0,0,1,0,0,0,0,0,0,0,0,0,0,0,0,0,0,0,0,0,0
201963535,212990.77,451535.52,0,0,0,0,0,0,0,0,0,0,0,0,0,0,0,0,0,0,0,0,1,0,0,0,0,0,0,0,0,0,0,0,0,0,0,0,0,0,0,0,0,0,0,0,0,0,0,0,0,0
201963537#1,213008.79249999998,451437.7175,0,0,0,0,0,2,0,1,0,0,1,0,1,0,0,3,0,0,0,0,0,0,0,0,0,3,1,0,4,0,3,3,0,1,0,0,0,0,0,0,0,0,0,2,0,0,1,0,1,1
202092676#0,213367.46,452431.14,0,0,0,0,0,0,0,0,3,4,1,4,1,1,4,1,4,1,2,4,0,0,3,0,0,0,0,0,0,3,0,0,1,0,1,0,0,0,0,4,2,0,4,0,2,4,0,3,0,0
204588664#0,212453.5,452011.06,0,0,0,0,0,0,0,0,0,0,1,1,0,0,0,0,0,2,3,1,0,0,0,0,1,0,0,0,0,0,0,0,0,0,0,0,0,0,0,0,1,1,0,0,0,0,0,1,0,1
218647954,212287.22,451813.08999999997,0,0,0,0,0,0,0,0,0,0,0,0,0,0,0,0,0,0,0,0,0,0,0,0,0,0,0,0,0,0,0,0,0,0,1,0,0,0,0,0,0,0,0,0,0,0,0,0,1,0
224251774#0,211804.085,452703.98,0,0,0,0,0,0,0,0,0,0,0,0,0,0,0,0,0,0,0,0,0,0,0,0,0,0,0,0,0,0,0,1,0,0,0,0,0,0,0,0,0,0,0,0,0,0,0,0,0,0
224251774#1,211932.505,452760.51,0,0,0,0,0,0,0,0,1,0,0,0,0,0,0,0,0,0,0,0,0,0,0,0,0,0,0,0,0,0,0,0,0,0,0,0,0,0,0,0,0,0,0,0,1,0,0,0,0,0
224251776#0,211742.16,452686.77,0,0,0,0,0,0,0,0,0,0,0,0,0,0,1,0,0,0,0,0,0,0,0,0,1,0,0,0,0,0,0,0,1,0,0,0,0,0,0,0,0,0,0,0,0,0,0,0,0,0
224892339#0,212064.75,452733.02,0,0,0,0,1,0,0,0,0,0,1,0,0,0,0,0,0,0,0,0,0,0,1,0,0,0,0,0,1,0,0,1,0,0,0,0,0,0,0,0,1,0,0,0,0,0,0,0,0,0
224892361#1,211983.03,452731.635,0,0,0,0,0,0,0,0,0,0,0,1,0,0,0,0,0,0,0,0,0,0,0,0,0,0,0,0,0,0,0,0,0,0,1,0,0,0,0,0,0,0,0,0,0,0,0,0,0,0
224892361#3,212018.66499999998,452502.2,0,0,0,0,0,0,0,0,0,0,1,0,1,1,1,0,0,1,0,0,0,0,0,2,0,0,1,0,1,0,0,0,1,0,0,0,0,0,0,0,0,1,0,1,0,0,0,1,1,3
224892361#7,211865.51,452390.26,0,0,0,0,0,0,0,1,0,0,0,2,1,0,1,0,1,0,2,2,0,0,0,0,2,0,4,4,0,1,0,0,0,0,0,0,0,0,0,0,0,0,1,1,2,3,0,3,1,0
22690205#0,212731.16999999998,451750.3,0,0,0,0,0,0,0,0,0,0,0,1,1,0,1,0,0,0,0,0,0,0,0,0,0,0,0,0,2,0,0,1,1,1,0,1,0,0,0,1,1,0,0,0,0,0,2,0,2,0
22690205#2,212659.0,451833.31,0,0,0,0,0,0,0,0,0,0,0,0,0,0,0,0,0,0,0,0,0,0,0,0,0,0,0,0,0,0,0,0,0,0,0,0,0,0,1,0,0,0,0,0,0,1,0,0,0,0
22690205#3,212608.83000000002,451946.63,0,0,0,0,0,0,0,0,0,0,0,0,0,0,0,0,0,0,0,0,0,0,0,0,0,0,0,0,0,0,0,0,0,0,0,0,0,0,1,0,0,0,0,0,0,0,0,0,0,0
22716072#0,211929.86,451699.51,0,0,0,0,0,0,0,0,0,0,0,0,0,0,0,0,0,0,0,0,0,0,0,1,0,0,0,0,0,0,0,0,0,0,1,1,0,0,0,0,0,0,0,0,0,0,0,0,0,0
22716072#4,212135.125,451642.695,0,0,0,0,0,0,0,0,0,0,0,0,0,0,0,0,0,0,0,0,0,0,0,0,0,0,0,0,0,0,0,0,0,0,0,0,1,0,0,0,0,0,0,0,0,0,0,0,0,0
22716073,212073.84999999998,451630.45499999996,0,0,0,0,0,0,0,0,0,0,0,0,0,0,0,0,0,0,0,0,0,0,0,0,1,0,0,0,0,0,0,0,0,0,0,0,0,0,0,0,0,0,0,0,0,0,0,0,0,0
22716549#0,212998.22499999998,451775.86,0,0,0,0,0,0,1,2,0,0,0,0,1,0,0,0,0,0,0,0,0,0,0,0,0,0,0,1,0,0,0,0,2,1,1,0,0,0,0,0,1,0,0,0,0,0,0,0,0,1
22724699#2,212529.855,452556.235,0,0,0,0,0,1,0,0,0,0,0,0,0,0,0,1,0,0,1,0,1,0,0,3,0,2,0,0,0,0,0,0,0,0,0,1,1,1,0,0,1,0,0,4,0,3,0,0,0,0
22724699#3,212446.01,452465.49,0,0,0,0,0,0,0,0,0,0,0,0,0,0,0,0,0,0,0,0,1,0,0,0,0,0,0,0,0,0,0,0,0,0,0,0,0,0,0,0,0,0,0,0,0,0,0,0,0,0
22724699#7,212316.42,452438.7,0,0,0,0,0,0,0,0,0,0,0,0,0,0,0,0,0,0,0,0,0,0,0,0,0,0,0,0,0,0,0,0,0,0,0,0,0,1,0,0,0,0,0,0,0,0,0,0,0,0
22879845,212708.91999999998,451910.205,0,0,0,0,0,0,0,0,0,0,0,0,0,0,0,0,0,0,0,0,0,1,0,0,0,0,0,0,0,0,0,0,0,0,0,0,0,0,0,0,0,0,0,0,0,0,0,0,0,0
23166741#0,213233.77,452470.25,0,0,0,0,0,0,0,0,0,0,0,0,0,0,0,0,0,0,1,0,1,1,1,2,0,0,0,0,0,0,0,0,0,0,0,0,1,0,2,1,0,1,2,0,0,0,0,0,0,0
23166741#2,213094.66,452480.81,0,0,1,0,0,1,0,0,4,0,0,0,1,0,4,2,2,1,0,1,1,4,0,2,1,0,2,0,0,0,0,0,0,0,1,0,5,3,2,7,0,4,5,1,3,4,1,2,0,0
23166741#5,212911.17,452469.01,0,0,0,2,3,6,9,1,7,10,0,2,0,3,1,4,7,0,1,5,0,7,4,5,8,3,4,1,5,1,2,3,3,3,0,2,4,5,10,4,13,15,8,15,3,5,10,3,11,0
233675413#1,212570.70500000002,451692.435,0,0,0,0,0,0,0,0,0,0,0,0,0,0,0,0,0,0,0,0,0,0,0,0,0,0,0,0,0,0,0,0,0,0,0,0,0,1,0,0,0,0,0,0,0,0,0,0,0,0
233675413#2,212703.365,451707.99,0,0,0,0,0,0,0,0,0,0,0,0,0,0,0,0,0,0,0,0,0,0,0,0,0,0,0,0,0,0,0,0,0,0,0,0,0,1,0,0,0,0,0,0,0,0,0,0,0,0
23436553#0,212575.47999999998,451806.51,0,0,0,0,0,0,0,0,0,0,1,0,1,0,0,2,0,0,0,0,0,0,0,0,0,0,0,0,0,3,0,0,1,2,1,1,0,0,1,0,0,0,0,0,1,0,1,0,0,0
23436553#2,212537.78999999998,451967.57999999996,0,0,0,0,0,0,0,0,0,0,0,0,1,1,0,1,0,0,0,0,0,0,0,0,0,0,2,0,0,2,3,0,1,2,5,1,1,0,2,0,1,2,0,0,0,0,0,2,0,2
23436553#4,212658.98,452004.86,0,0,0,0,0,0,0,0,0,0,0,0,0,0,0,0,0,0,0,0,0,0,0,0,0,1,0,0,0,0,0,0,0,0,0,0,0,0,0,0,0,0,0,0,0,0,0,0,0,0
24599188#0.94,213247.305,451656.66000000003,0,0,0,0,0,1,0,0,0,0,1,0,0,0,1,1,0,0,0,0,0,0,0,0,0,1,0,0,0,0,0,1,0,0,0,0,0,0,0,0,0,0,0,0,0,0,0,1,2,4
24608844,213617.345,452143.195,0,0,0,0,0,0,0,0,0,0,0,0,0,0,1,0,0,0,0,0,0,0,0,0,0,0,0,0,0,0,0,0,0,0,0,0,0,0,0,0,0,0,0,0,0,0,0,0,0,0
24634411,212976.06,452371.58999999997,0,0,0,0,0,0,0,0,0,1,0,0,0,1,0,0,0,0,1,0,0,0,1,0,0,0,0,0,0,1,0,0,0,0,0,0,0,0,0,0,0,0,0,0,0,1,0,1,0,0
24634413#0,213061.53,452401.515,0,0,0,0,0,0,0,0,4,0,3,4,0,9,1,0,10,7,4,2,1,0,0,0,0,0,0,0,1,1,0,1,0,1,0,0,0,2,0,7,0,2,1,0,9,1,1,0,0,0
24634413#1,213151.725,452088.455,0,0,0,0,0,0,0,0,0,0,0,0,0,0,0,0,0,0,0,0,0,0,0,0,0,0,0,0,0,0,0,0,0,0,0,1,0,0,0,0,0,0,0,0,0,0,0,0,0,0
24634414#1,213190.53,452350.985,0,0,1,0,0,0,1,1,0,0,0,0,0,0,0,0,0,0,0,0,1,1,0,0,0,0,0,0,0,0,0,0,0,1,0,0,0,0,0,0,0,0,0,0,0,0,0,0,0,0
24634414#2,213234.90000000002,452197.74,0,0,0,0,0,0,0,0,0,0,1,0,0,0,0,0,0,0,0,0,0,0,0,1,1,0,0,0,0,0,0,0,0,0,0,0,0,1,0,0,0,2,0,0,0,0,0,0,0,0
24634414#3,213254.2,452108.08499999996,0,0,0,0,0,0,0,0,0,0,0,0,0,0,0,0,0,0,0,0,0,0,1,0,0,0,0,0,0,0,0,0,0,0,0,0,0,0,0,0,1,0,0,0,0,0,0,0,0,0
24634414#5,213269.42,452017.66500000004,0,0,0,0,0,0,0,0,0,0,0,0,0,0,0,0,1,0,0,0,0,0,0,0,0,0,0,0,0,0,0,0,0,0,0,0,0,0,0,1,0,0,0,0,0,0,0,0,0,0
24634416,213375.91,452171.23,0,0,0,1,0,1,0,0,0,0,0,0,0,1,0,0,0,0,0,0,0,1,1,0,0,0,1,0,1,0,0,0,0,0,1,0,0,0,0,0,0,0,0,0,0,0,0,0,0,0
24634417,213279.81,452406.31,0,0,0,0,0,0,0,0,0,0,0,0,0,0,0,0,0,0,0,0,0,0,0,0,0,0,0,0,0,0,0,0,0,0,0,0,0,0,0,0,0,0,0,0,0,0,0,0,1,0
24634505,212859.52000000002,452167.575,0,0,0,0,0,0,0,0,0,0,0,0,0,0,0,0,0,0,0,0,0,0,0,0,0,0,0,0,0,0,0,0,0,0,0,0,0,0,0,1,0,0,0,0,0,0,0,0,0,0
24634506#0,212954.46,452089.91000000003,0,0,0,0,0,0,0,0,0,0,0,0,0,0,0,0,0,0,0,0,0,0,0,0,0,0,0,0,1,0,0,0,0,0,0,0,0,0,0,0,0,0,0,0,0,0,0,0,0,0
24634507,213108.1,451870.705,0,0,1,0,0,0,0,0,0,0,1,0,0,0,0,0,0,0,0,0,0,0,0,1,0,0,0,0,0,0,0,0,0,1,0,0,0,0,0,0,0,1,0,0,0,0,0,0,0,0
24634509#1,212874.555,451965.19,0,0,0,0,0,0,0,0,1,0,0,0,0,1,0,1,0,0,0,0,0,0,0,0,0,0,0,0,0,0,0,0,0,1,0,0,0,0,0,0,0,0,0,0,0,0,0,0,0,0
24634510#0,212736.08500000002,452152.99,0,0,0,0,0,0,0,0,0,1,0,0,0,0,0,0,0,0,0,0,0,0,0,0,0,0,0,0,0,0,0,0,0,0,0,0,0,0,0,0,0,0,0,0,0,0,0,0,0,0
24634510#1,212540.265,452115.96499999997,0,0,0,0,0,0,0,0,0,0,0,0,0,0,0,0,0,1,0,0,0,0,0,1,1,0,0,0,0,0,0,0,0,0,0,0,0,0,0,0,0,0,0,0,0,0,0,0,2,0
24634510#16,211929.21,452076.45499999996,0,0,0,0,0,0,0,0,0,0,0,0,0,0,0,0,0,0,0,0,0,0,0,0,0,0,0,0,0,0,0,0,0,0,0,0,1,1,0,0,0,0,0,0,0,0,0,0,0,0
24634510#6,212364.76,452091.86,0,0,0,0,0,0,0,0,0,0,1,0,0,0,0,0,0,0,0,0,0,0,0,0,0,0,0,0,0,0,0,0,0,0,0,0,0,0,0,0,0,0,1,0,0,0,1,0,0,0
24634510#7,212313.405,452076.085,0,0,0,0,0,0,0,0,0,0,0,0,0,0,0,0,0,0,0,0,0,0,0,0,0,0,0,0,0,0,0,0,0,0,0,1,1,0,0,0,0,0,0,0,0,0,0,0,0,0
24634510#9,212101.675,452042.885,0,0,0,0,0,0,0,0,0,0,0,1,0,1,0,0,1,0,1,0,0,0,0,0,0,0,0,0,0,2,0,1,2,3,0,1,0,6,1,0,1,1,0,1,0,0,0,0,1,0
24634511,212635.315,452274.33499999996,0,0,0,0,0,0,0,0,0,0,0,0,0,0,0,0,0,0,0,0,0,0,0,0,0,0,0,0,0,0,0,0,0,0,0,0,0,0,0,0,0,0,1,0,0,0,0,0,0,0
24634513#0,212159.07,452144.71,0,0,0,0,0,0,0,0,0,0,0,0,1,1,1,1,1,1,1,0,0,0,0,0,0,0,0,0,0,0,0,0,0,0,0,0,0,0,0,2,2,2,1,0,0,0,1,1,1,0
24634514#0,212050.26,452105.975,0,0,0,0,0,0,0,0,0,0,0,0,0,0,0,0,0,0,0,0,0,0,0,0,0,0,0,0,0,0,0,0,0,1,1,0,0,0,1,1,0,0,0,0,1,1,0,0,0,0
24634516#0,211926.475,451876.18999999994,0,0,0,0,0,0,0,0,0,0,0,0,0,0,0,0,0,0,0,0,0,0,0,0,0,0,0,0,0,0,0,0,0,0,0,0,0,0,0,0,0,0,1,1,1,0,0,0,0,0
24634517#1,212050.69,451823.36,0,0,0,0,1,0,0,0,0,0,0,0,0,0,0,0,0,0,0,1,0,0,0,0,0,0,0,0,0,0,0,0,0,0,0,0,0,0,0,0,0,0,0,0,0,0,0,0,0,0
24634517#13,212325.87,451872.105,0,0,0,0,0,0,1,0,0,0,0,0,0,0,0,0,0,0,0,0,0,0,0,0,0,0,0,0,0,0,0,0,0,0,0,0,0,0,0,0,0,0,0,0,0,0,0,0,0,0
24634517#6,212130.9,451862.905,0,0,0,0,0,0,0,0,0,0,0,0,0,0,0,0,0,0,0,0,0,0,0,0,0,0,0,1,0,0,0,0,0,0,0,0,0,0,0,0,0,0,0,0,0,0,0,0,0,0
24634518#1,212097.9,451917.615,0,0,0,0,0,0,0,0,0,0,0,0,0,0,0,0,0,0,0,0,0,0,0,0,0,0,0,0,0,0,0,0,0,0,0,0,0,0,0,0,0,0,0,0,0,0,1,0,0,0
24634521#1,212286.83000000002,451784.47,0,0,0,0,0,0,0,0,0,0,0,0,0,0,0,0,0,0,0,0,0,1,0,0,0,0,0,0,0,0,0,0,0,0,0,0,0,0,0,0,0,0,0,0,0,0,0,0,0,0
24693977#0,213188.34999999998,451931.82,0,0,0,0,0,0,0,0,0,0,1,1,0,0,1,0,1,0,0,0,0,0,0,0,0,0,0,0,0,0,0,0,0,0,0,0,0,2,0,0,0,0,1,0,0,1,0,0,0,1
25117391#0,212349.81,452917.66000000003,0,0,0,0,0,0,0,0,0,0,0,0,0,0,0,0,0,0,0,0,0,0,0,0,0,0,0,1,0,1,0,0,0,0,1,0,0,0,0,1,0,1,0,0,0,0,0,0,0,0
25136986,212078.28,451322.58999999997,0,0,0,0,0,0,0,0,0,0,0,0,0,0,0,0,0,0,0,0,0,0,0,0,1,0,0,0,0,0,0,0,0,0,0,0,0,0,0,0,0,0,1,0,0,0,0,0,0,0
25145011#0,212799.595,451528.315,0,0,0,0,0,0,1,0,0,0,0,2,0,0,0,0,1,0,0,0,0,0,0,0,0,0,0,3,0,1,1,1,2,0,1,0,0,0,0,0,0,0,0,0,0,2,0,2,0,0
25145011#1,212801.96500000003,451677.17500000005,0,0,0,0,0,0,0,0,0,1,0,1,0,0,1,0,0,0,0,0,0,0,0,0,0,0,0,1,0,0,0,1,3,2,1,0,0,1,0,0,0,0,0,0,0,1,0,0,0,0
25145012#4,212695.535,451525.04000000004,0,0,0,0,0,0,0,0,0,0,0,0,0,0,0,0,0,0,0,0,0,1,0,0,0,0,0,0,0,0,0,0,0,0,0,0,0,0,0,0,0,0,0,0,0,0,0,0,0,0
25145012#5,212789.225,451532.08499999996,0,0,0,0,0,0,0,0,0,0,0,0,0,0,0,0,0,0,0,0,0,0,0,0,0,0,0,0,0,0,0,0,0,0,0,0,0,0,0,1,0,0,0,0,0,0,0,0,0,1
25145012#6,212859.75,451533.01,0,0,0,0,0,0,0,0,0,0,0,0,0,0,0,0,0,0,0,0,0,0,0,0,0,1,0,0,0,0,0,0,0,0,0,0,0,0,0,0,0,0,0,0,0,0,0,0,0,0
25145013#0,212889.76,451527.645,0,0,0,0,0,0,0,0,0,0,0,0,0,0,0,0,0,0,0,0,0,0,0,0,0,0,1,1,0,0,0,0,2,0,1,0,0,0,0,0,0,0,0,0,2,0,0,2,0,0
25145014#0,212577.01,451606.82,0,0,1,0,0,0,0,1,0,0,0,0,0,0,0,0,0,1,0,0,0,0,0,0,0,0,0,0,0,0,0,0,0,1,0,0,0,0,0,0,0,0,0,0,0,0,0,0,0,0
25145014#1,212443.37,451593.805,0,0,0,0,0,0,0,1,0,0,0,0,1,0,0,0,0,1,0,0,0,0,0,0,0,0,0,0,0,0,0,3,0,0,0,0,0,0,0,0,0,0,0,0,0,0,0,0,0,0
25145014#3,212210.65500000003,451558.45999999996,0,0,0,0,0,0,0,0,0,0,0,0,0,0,0,0,0,0,0,1,0,0,0,0,0,0,0,0,0,0,0,0,0,0,0,0,0,0,0,0,0,0,0,0,0,0,0,0,0,0
25149219#1,213001.245,451308.075,0,0,2,0,0,2,0,1,1,0,1,2,1,0,0,6,1,0,0,0,1,0,0,2,0,4,6,0,9,7,4,8,0,1,0,0,0,0,1,0,0,0,0,4,4,0,5,0,2,4
25187889,212542.41999999998,451521.42500000005,0,0,0,0,0,0,0,0,0,0,0,0,0,0,0,0,0,0,0,0,0,0,0,0,0,0,0,0,0,0,0,0,0,0,0,0,1,0,0,0,0,0,0,0,0,0,0,0,0,0
25187891,212433.35499999998,451673.755,0,0,0,0,0,0,0,0,0,0,0,0,0,0,0,0,0,0,1,0,0,0,0,0,0,0,0,0,1,0,0,0,0,0,1,0,0,0,0,0,0,0,0,0,0,0,0,0,0,0
25190140#1,212402.315,451309.885,0,0,0,0,0,0,0,0,0,0,0,0,0,0,0,0,0,0,0,0,0,0,0,0,0,0,0,0,0,0,0,0,0,0,0,0,0,0,0,0,0,1,0,0,0,0,0,0,0,0
26642362#1,212119.805,451518.125,0,0,0,0,0,0,0,0,0,0,0,0,0,0,0,0,0,0,0,0,0,0,0,0,0,0,0,0,0,0,1,0,0,0,0,0,0,0,0,0,0,0,0,0,0,0,0,0,0,0
266565295#5,213734.62,452209.11,0,0,2,0,0,0,0,1,0,0,0,2,0,0,0,0,0,1,0,0,1,0,0,1,1,0,1,0,0,0,1,0,0,0,0,0,0,0,2,0,5,1,2,1,0,0,1,0,0,0
26676668,212598.44,452753.46499999997,0,0,0,0,0,0,0,0,0,0,0,0,0,0,0,0,0,0,0,0,0,0,0,0,0,0,1,0,0,0,0,0,0,0,0,0,0,0,0,0,0,0,0,0,0,0,0,0,0,0
26677213#0,212736.175,452713.445,0,0,0,0,0,0,0,0,0,0,0,0,0,0,0,0,0,0,0,1,0,0,0,0,0,0,0,0,0,0,0,0,0,0,0,0,0,0,0,0,1,0,0,0,0,1,0,0,0,0
26677214#0,212753.38,452840.99,0,0,0,0,0,0,0,0,0,0,0,0,0,0,0,0,0,0,0,0,0,1,0,0,0,0,0,0,1,0,1,0,0,0,0,0,0,0,0,0,0,0,0,0,0,0,0,0,0,0
26677214#3,212821.45500000002,452899.6,0,0,0,0,0,0,0,0,0,0,0,0,0,0,0,0,0,0,0,0,1,0,0,0,0,0,0,0,0,0,0,0,0,0,0,0,0,0,0,0,0,0,0,0,0,0,1,0,0,0
26677214#4,212875.91499999998,452947.99,0,0,0,0,0,0,0,0,0,0,0,0,0,0,0,0,0,0,0,0,0,0,0,0,0,0,0,0,0,0,0,0,0,0,0,0,0,0,0,0,0,0,0,1,0,0,0,0,0,0
26677214#5,212929.89,452994.94,0,0,0,0,0,0,0,0,0,0,0,0,0,0,0,0,0,0,0,0,0,0,1,0,0,0,0,0,0,0,0,0,0,0,0,0,0,0,0,0,0,0,0,0,0,0,0,0,0,1
26677216#0,212923.305,452882.17000000004,0,0,0,1,1,1,1,0,0,0,0,0,0,0,0,0,0,0,0,2,0,0,0,0,0,2,1,1,0,1,2,0,0,0,0,0,0,0,0,1,0,0,0,0,1,0,1,0,0,0
26677216#1,212980.59999999998,452674.755,0,0,0,0,1,0,0,0,0,0,0,0,0,0,0,0,0,0,0,0,0,0,1,0,1,0,1,1,1,1,0,1,0,0,0,0,0,0,0,0,0,0,0,1,1,0,2,0,0,1
26677216#3,212991.745,452620.135,0,0,0,0,0,0,1,0,0,0,0,0,0,0,1,1,0,0,0,0,2,2,0,0,0,0,2,1,0,0,0,1,0,0,0,0,1,1,0,0,1,0,0,0,0,1,0,2,1,0
26677416#2,213052.31,453081.975,0,0,0,1,1,0,0,0,0,0,0,0,0,0,0,0,0,0,0,1,0,0,0,0,0,0,0,0,0,0,1,0,0,0,0,0,0,1,0,0,0,0,0,1,0,0,1,0,0,0
26677416#3,213095.26,453045.98,0,0,0,0,0,0,0,0,0,0,0,0,0,0,0,0,0,0,0,0,0,0,0,0,0,0,0,0,0,1,0,0,0,0,0,0,0,0,0,0,0,0,1,0,0,0,0,0,0,0
26677416#4,213186.705,452947.345,0,0,0,0,1,1,0,0,0,0,0,0,0,0,0,0,0,0,0,0,1,0,0,2,0,0,0,1,0,0,1,0,1,0,1,0,0,0,1,0,1,0,0,0,1,0,1,0,0,0
26677539,213025.70500000002,452926.105,0,0,0,0,0,0,0,0,0,0,0,0,0,0,0,0,0,0,0,0,0,1,0,0,0,0,0,0,0,0,0,0,0,0,0,0,0,0,0,0,0,0,0,0,0,0,0,1,0,0
26677542#0,212825.34,453093.4,0,0,3,1,2,0,0,0,0,1,1,1,0,0,0,0,0,0,2,0,0,2,1,0,2,3,0,0,2,2,2,1,1,1,1,2,1,1,2,0,0,0,3,0,3,0,0,1,1,0
26677542#1,212909.84,453021.5,0,0,0,0,0,1,0,0,0,0,0,0,0,0,0,0,0,0,2,0,0,0,0,0,0,0,1,0,1,0,0,0,0,0,0,0,0,0,1,1,0,0,0,0,0,1,0,0,0,0
272042143,213352.985,452452.57,0,0,1,0,5,0,0,7,0,0,0,0,0,0,0,2,0,0,5,0,7,1,1,7,0,3,0,0,0,0,0,2,0,0,0,5,6,0,7,2,5,7,0,4,0,0,0,0,0,0
272042145,213386.665,452439.48,0,0,0,0,0,0,0,0,0,0,0,0,0,0,0,0,3,1,3,2,2,4,3,2,1,1,1,0,0,0,1,0,0,1,1,0,0,1,0,0,0,0,0,0,2,3,0,5,2,7
28111977#0,211770.735,451534.43,0,0,0,0,0,0,0,0,0,0,0,0,0,0,0,0,0,0,0,0,0,0,0,0,0,0,0,0,0,0,0,0,0,0,0,0,0,0,0,0,0,0,0,0,1,0,0,0,0,0
28111977#8,212374.44,451399.155,0,0,0,0,0,0,0,0,0,0,0,0,0,0,0,0,0,0,1,0,0,0,0,0,0,0,0,0,0,0,0,0,0,0,0,0,0,0,0,0,0,0,0,0,0,0,0,0,0,0
28319300#0,212251.68,452706.66000000003,0,0,0,0,0,0,0,0,0,0,0,0,0,0,0,0,1,0,0,0,0,0,0,0,0,0,0,0,1,0,0,0,0,0,0,0,0,0,1,0,0,0,0,0,0,1,0,0,0,0
28319300#3,212238.19,452499.725,0,0,0,0,0,0,0,1,0,0,0,0,0,0,0,0,0,1,0,0,0,0,0,0,0,0,0,0,0,0,0,0,0,0,0,0,0,0,0,1,0,0,0,0,0,0,1,0,0,0
28361235#0,213360.40999999997,452422.975,0,0,0,0,0,0,0,0,0,0,0,0,0,0,0,0,0,0,0,0,1,0,0,0,0,0,0,0,0,0,0,0,0,0,0,0,0,0,0,0,0,0,0,0,0,0,0,0,0,0
285716192#0,213078.64,451653.74,0,0,0,0,0,0,0,0,0,1,0,0,0,0,0,0,0,0,0,0,0,0,0,0,0,0,0,0,0,1,0,0,0,0,0,0,0,0,0,0,0,0,0,0,0,0,0,0,0,0
285716192#0.83,213052.22,451628.91,0,0,0,0,0,0,0,0,0,0,0,0,0,0,0,0,0,0,0,0,0,0,1,0,0,0,0,1,0,0,0,0,0,0,0,0,0,0,0,0,0,0,0,0,0,0,0,0,0,0
286646456#0,211962.675,452774.375,0,0,0,0,1,1,0,0,0,0,0,0,0,0,0,0,0,0,0,0,0,0,0,0,0,0,0,0,0,0,0,0,1,1,0,0,0,0,0,0,0,0,0,0,0,0,0,0,1,0
286646456#1,212008.62,452790.655,0,0,0,0,0,0,0,0,0,0,0,0,0,0,0,0,0,0,0,0,0,1,0,0,0,0,0,0,0,0,0,1,0,0,0,0,0,0,0,0,0,0,0,0,0,0,0,0,0,1
30482614,211785.875,451130.19,0,0,0,0,0,0,0,0,0,0,0,0,0,0,0,0,0,1,0,0,0,0,0,0,0,0,0,0,0,0,0,0,0,0,0,0,0,0,0,0,0,0,0,0,0,0,0,0,0,0
30482615#1,211943.5,450890.53,0,0,0,0,0,0,0,0,0,0,0,0,0,1,1,0,0,0,1,1,0,0,0,0,0,0,0,2,2,1,0,0,1,1,1,0,1,1,0,0,0,0,0,0,1,1,0,0,0,0
306240162#0,211709.66,452730.52,0,0,0,0,0,0,0,0,0,1,0,1,0,1,2,0,1,0,1,2,0,3,1,0,1,1,4,1,0,2,0,1,3,0,0,0,0,3,0,0,1,0,1,0,2,1,0,1,0,1
315358242#0,213300.75,452815.86,0,0,1,0,0,2,1,0,0,0,0,2,0,0,1,2,1,0,0,0,1,1,1,0,3,0,1,0,2,1,0,1,0,1,0,1,0,0,2,0,0,0,1,0,0,2,0,1,0,0
315358242#2,213353.13,452612.25,0,0,0,0,0,0,0,0,0,0,0,0,0,0,0,0,0,0,0,0,0,1,0,0,0,0,0,0,0,0,0,0,0,0,0,0,0,1,0,0,0,0,0,0,0,1,0,0,0,0
315358242#3,213372.42,452523.46,0,0,0,1,0,0,1,0,0,1,0,0,1,0,0,0,1,0,1,0,0,2,1,1,0,3,0,0,0,2,0,0,0,0,1,0,0,0,1,1,0,0,0,1,0,0,2,0,0,0
315358244,212995.4425,453405.5275,0,0,0,0,0,0,0,0,0,1,1,0,0,0,0,0,1,0,0,0,0,0,0,5,4,0,5,5,0,2,0,0,0,0,0,0,2,0,0,1,0,0,0,1,0,1,0,0,0,2
315358245.27,213384.3,452302.92,0,0,0,0,0,0,0,0,0,0,0,0,0,0,0,1,0,0,0,0,0,0,0,0,0,0,0,0,0,0,0,0,0,0,0,0,0,0,0,0,0,0,0,0,0,0,0,0,0,0
315358246,213155.10499999998,453141.45,0,0,0,0,0,0,0,0,0,0,1,0,0,0,0,0,0,0,0,0,0,1,0,0,0,0,0,0,1,0,0,0,0,0,1,0,0,0,0,0,0,0,0,0,1,0,0,0,0,0
315358253#1,213396.05,452135.3,0,0,0,0,0,0,0,0,0,0,0,0,0,0,0,0,0,0,0,0,0,0,0,0,0,0,0,0,0,0,0,0,0,0,0,0,0,0,0,0,0,0,0,0,0,0,1,0,0,0
315358253#2,213395.12,452086.01,0,0,0,0,1,0,3,0,1,1,0,2,0,0,0,0,1,1,0,0,0,1,2,0,0,0,0,1,0,1,0,0,0,0,0,0,0,0,0,0,0,0,3,0,1,2,1,0,0,0
315358255#0,212162.16,452875.05,0,0,0,0,1,1,2,1,1,0,0,0,0,1,0,0,0,0,0,0,0,0,1,2,2,0,1,3,3,2,0,0,1,2,1,0,0,1,1,0,0,0,0,1,1,0,0,0,0,0
315358257#0,212264.495,452905.895,0,0,0,0,0,0,0,0,0,0,1,0,0,0,0,0,1,0,0,0,1,0,1,0,1,0,0,1,0,0,0,0,0,0,0,0,0,0,0,0,0,1,0,0,1,0,1,0,0,1
315358257#0.43,212227.78,452940.46,0,0,0,0,0,0,0,0,1,1,0,1,0,0,0,0,0,0,0,1,0,1,0,0,3,0,0,4,0,0,0,0,0,0,0,0,0,0,0,1,0,0,4,0,0,3,2,7,1,0
315392062#0,213090.95500000002,452102.295,0,0,0,0,0,0,0,1,0,1,0,1,0,0,0,0,2,1,0,0,1,0,0,0,0,0,0,0,0,0,0,0,0,0,0,0,0,0,1,0,1,0,1,0,0,1,0,0,1,0
31860333#1,211859.86,451612.43000000005,0,0,0,0,0,0,0,0,0,0,0,0,0,0,0,0,0,0,0,0,0,0,0,0,0,0,0,0,0,0,1,0,0,0,0,0,0,0,0,0,0,0,0,0,0,0,0,1,0,0
32021112#0,213610.265,452065.0375,0,0,0,0,1,0,0,0,0,4,2,0,0,0,1,1,0,0,0,0,0,0,2,0,0,0,0,1,0,0,0,0,0,0,2,0,0,0,0,1,1,1,1,0,0,0,1,2,0,1
32124637#1,213610.5575,452126.81499999994,0,0,0,0,0,3,0,0,0,0,3,0,0,0,0,1,0,0,0,0,1,0,0,0,0,1,0,0,0,0,0,0,0,0,0,0,1,0,0,0,1,4,0,4,2,0,1,0,0,0
32395327#0,211569.08,451541.4,0,0,0,0,0,0,0,0,0,0,0,0,0,0,0,0,0,0,0,0,0,0,0,0,0,0,0,0,0,0,0,0,0,0,0,0,0,0,0,0,0,0,0,0,0,0,1,1,0,0
32395361#0,211648.2,451398.88,0,0,0,0,0,0,0,0,0,0,0,0,0,0,0,0,0,0,0,0,0,0,0,0,0,0,0,0,0,0,0,0,0,2,0,0,0,0,0,0,0,1,0,0,0,0,0,0,0,0
32978638#0,213633.66,451984.92,0,0,0,0,0,0,0,0,0,0,0,0,0,0,0,0,0,0,0,0,0,0,0,0,2,0,0,0,0,0,0,0,0,0,0,0,0,0,0,0,0,0,0,0,0,0,1,0,0,0
32999110#0,213327.97,452029.89749999996,0,0,0,0,0,0,0,0,0,0,1,0,0,0,0,1,0,0,0,0,2,2,0,10,0,3,0,1,2,1,1,4,1,5,1,0,13,0,5,6,0,10,0,3,0,0,5,0,0,1
32999434#0,213254.1,451973.42,0,0,0,0,0,0,2,0,0,0,0,0,0,0,0,0,4,0,0,2,1,0,0,0,0,1,0,2,2,0,0,0,0,0,0,0,0,1,0,1,0,0,0,0,0,0,0,0,0,0
32999435,213646.675,452151.02749999997,0,0,0,0,0,0,0,0,0,0,0,0,0,0,0,0,0,1,0,0,0,0,0,0,0,0,0,0,0,0,0,0,0,0,0,0,0,0,0,0,0,4,0,1,0,1,0,0,0,0
379897806,213017.9025,453372.55,0,0,0,0,0,0,1,1,0,0,0,1,1,0,0,0,0,0,0,0,0,1,0,0,0,0,0,0,0,0,0,0,0,0,0,0,0,0,0,0,1,0,0,0,0,0,0,0,0,0
379897807,213035.65,453382.185,0,0,0,0,0,0,1,1,0,0,0,0,0,0,0,0,0,0,0,0,1,0,0,1,2,0,2,2,1,0,0,1,0,0,1,0,1,1,0,0,1,0,0,2,0,0,1,0,0,0
386687235,213430.47,452432.58,0,0,0,0,0,0,1,0,1,0,0,0,6,0,0,1,1,6,0,0,7,0,0,0,0,0,2,0,0,0,3,0,0,0,0,1,0,0,0,2,0,1,0,7,1,0,1,1,6,0
386687239#0,213276.17,452439.07,0,0,0,0,0,0,0,0,0,0,0,0,0,2,0,0,0,0,0,0,0,0,0,0,0,0,0,0,0,0,0,0,0,0,0,0,0,0,0,0,0,2,0,0,0,0,0,0,1,0
386687239#1,213326.63,452434.93,0,0,0,0,0,0,0,1,1,0,1,5,6,2,6,1,4,4,2,5,1,1,0,0,0,0,0,0,0,0,2,0,0,0,0,1,0,0,0,2,2,0,3,1,0,0,2,0,0,0
386687242,213338.06,452463.59,0,0,0,0,0,0,0,0,0,0,0,0,0,0,0,0,0,0,0,0,0,0,0,0,0,0,1,1,0,0,0,0,0,0,0,0,0,0,0,0,0,0,0,0,0,0,0,0,0,0
399835085#0,212026.905,453104.625,0,0,0,0,0,0,0,2,0,2,3,0,2,2,0,1,0,0,0,0,3,0,1,0,0,4,0,1,5,0,3,0,0,1,0,1,1,0,1,0,0,0,0,3,1,1,0,0,2,0
402600768#0,213419.69,452055.74,0,0,0,0,0,0,0,0,0,0,0,0,0,0,0,0,0,0,1,0,0,0,0,0,0,0,1,0,0,0,0,0,0,0,1,1,0,0,0,0,0,0,0,0,0,0,0,0,0,0
402600768#1,213484.9,452070.79,0,0,0,0,0,0,0,2,1,0,0,1,2,2,0,0,1,1,0,0,0,0,0,0,0,1,6,0,0,1,1,0,0,0,2,0,0,0,1,7,0,0,2,1,5,0,0,1,0,0
40888351#0,213071.065,452844.25,0,0,0,0,0,0,0,0,0,0,0,0,1,0,0,1,0,0,0,0,0,0,0,1,0,0,0,0,0,0,0,0,0,0,0,0,1,0,0,0,0,0,0,0,0,0,1,0,0,0
40888351#1,213182.325,452906.645,0,0,0,0,0,0,0,0,0,0,0,0,0,1,0,0,0,0,0,0,0,0,0,0,0,0,0,0,0,0,0,0,1,0,0,0,0,0,0,0,0,0,0,0,0,0,0,0,0,0
40888351#3,213235.41999999998,452937.935,0,0,0,0,0,0,0,1,0,0,0,0,0,0,1,0,0,0,0,0,2,0,0,0,0,0,0,0,0,0,0,1,0,1,0,0,1,0,0,0,0,1,0,1,0,0,0,1,0,0
40888354#0,213169.945,452788.865,0,0,0,0,0,0,0,0,0,0,0,0,0,1,0,0,1,0,0,0,0,0,0,0,0,0,0,0,0,0,0,0,0,1,0,0,0,0,0,0,0,0,0,0,0,0,1,0,0,0
40888359,212472.2,452792.43999999994,0,0,0,0,0,0,0,0,0,0,0,0,0,0,0,0,0,0,0,0,0,0,0,0,0,0,1,0,0,0,0,0,0,0,0,0,0,0,0,0,0,1,0,0,0,0,0,0,0,0
40888360#0,212646.135,452523.405,0,0,0,0,0,0,0,1,0,0,5,0,1,0,0,0,1,2,1,1,3,0,5,1,0,5,0,3,1,0,0,0,0,0,2,0,0,5,0,2,5,0,9,1,3,5,0,2,0,4
447569997#0,213352.63,452991.49,0,0,0,0,0,0,2,0,0,1,0,0,0,0,0,1,0,1,0,0,0,0,0,0,0,0,0,0,0,1,0,0,0,0,1,1,0,0,0,1,0,0,0,0,0,0,0,0,1,0
4942376,213392.285,452654.1,0,0,0,0,0,0,0,0,0,0,0,0,0,0,0,0,0,0,0,0,0,0,0,0,1,0,0,0,0,0,0,1,0,0,0,0,0,0,0,1,0,0,0,0,0,0,0,0,0,0
51857516#1,213636.29,452126.13,0,0,0,0,0,0,0,0,2,0,0,0,0,0,0,0,0,0,0,0,0,0,0,0,3,0,0,0,0,1,0,0,0,0,3,0,0,1,0,0,0,0,2,0,2,0,0,1,0,0
51857517#0.33,213558.45,452087.34,0,0,0,0,0,0,0,1,0,0,0,0,0,0,0,0,0,0,0,0,1,0,2,3,0,0,0,0,1,0,1,0,2,3,1,2,2,0,1,3,0,0,3,3,0,0,2,0,2,0
51857518#1,213599.79,452057.69,0,0,0,1,0,0,0,0,0,0,0,0,0,0,0,0,1,0,0,0,0,0,0,1,1,0,0,0,0,1,0,0,0,0,2,0,1,2,0,0,0,0,4,0,0,0,0,3,0,0
53396619#5,212993.125,452664.57,0,0,0,0,1,0,0,0,0,0,0,0,0,0,0,0,0,0,0,0,0,0,0,0,0,0,0,0,0,0,0,0,0,0,0,0,0,0,0,0,0,0,0,0,0,0,0,1,0,0
54169231#0,212881.215,452796.755,0,0,0,0,0,0,0,0,0,0,0,0,0,0,1,0,0,0,0,0,0,0,0,0,0,0,0,0,1,0,0,0,0,0,0,0,0,0,0,0,0,0,0,0,0,0,0,0,0,0
612075153#1,212199.34,452953.84,0,0,0,0,0,0,0,0,1,0,0,0,0,0,0,0,0,0,0,0,0,0,0,0,0,0,0,0,0,0,0,0,0,0,0,0,0,0,0,0,0,0,0,0,0,0,0,0,0,0
653473568#0,212507.70500000002,451334.015,0,0,0,0,0,0,0,0,0,0,0,0,0,0,0,0,0,0,0,0,0,0,0,0,0,0,0,0,1,0,0,0,0,0,0,0,0,0,0,0,0,0,0,0,0,0,0,0,0,0
653473568#1,212533.005,451341.41000000003,0,0,0,0,0,0,0,0,0,0,0,0,0,0,0,0,0,0,1,0,0,0,0,1,0,0,0,0,1,0,0,0,0,0,0,0,0,0,1,0,0,0,0,0,0,0,0,0,0,0
653473569#0,212563.34499999997,451353.28500000003,0,0,0,0,0,0,0,1,0,0,0,0,0,0,0,0,0,0,0,0,0,0,0,0,0,0,0,0,0,0,0,0,0,0,0,0,0,0,0,0,0,0,0,0,0,0,0,0,0,0
653473569#1,212674.405,451399.7,0,0,0,0,0,0,0,0,0,0,2,0,1,0,0,0,1,0,0,0,0,0,0,0,1,1,0,0,0,0,0,0,1,1,0,0,0,0,0,0,0,0,0,0,2,0,2,0,0,0
653473569#2,212796.165,451413.745,0,0,0,0,0,0,0,0,0,0,0,0,0,0,0,0,0,0,0,0,0,0,0,0,0,0,0,0,0,0,0,0,0,0,0,0,1,0,0,0,0,0,0,0,1,0,0,0,0,0
653473569#3,212838.79499999998,451418.895,0,0,0,0,0,0,0,0,0,0,0,0,0,0,0,0,0,0,0,0,1,0,0,0,0,0,0,0,0,1,0,0,0,0,0,0,0,0,0,0,0,0,0,0,0,0,0,0,0,0
653473569#5,212934.78,451438.54,0,0,0,0,0,0,0,0,0,0,0,0,0,0,0,0,0,0,0,1,0,0,1,0,0,1,0,1,0,0,0,0,0,0,0,0,0,1,0,0,0,0,0,0,0,1,0,0,0,0
